PERIOD,END_DT,BRD_CD,CLASS1,CLASS2,ITEM,ITEM_NM,PRDT_NM,PART_CD,COLOR_CD,TAG_PRICE,ORDER_QTY,STOR_QTY,ORDER_QTY_KR,STOR_QTY_KR,SALE_QTY_CNS,SALE_QTY_GLB,WH_QTY,STOCK_QTY_KR
전년,2024-09-29,M,ACC,Headwear,BN,비니,플러시 미야옹 비니,3ABNB1146,07SBD,43000,690,0,600,0,0,0,0,0
전년,2024-09-29,M,ACC,Headwear,BN,비니,플러시 미야옹 비니,3ABNB1146,43LDL,43000,930,0,700,0,0,0,0,0
전년,2024-09-29,M,ACC,Headwear,BN,비니,플러시 미야옹 비니,3ABNB1146,50CRS,43000,1820,0,1500,0,0,0,0,0
전년,2024-10-06,M,ACC,Headwear,BN,비니,플러시 미야옹 비니,3ABNB1146,07SBD,43000,220,0,0,0,0,0,0,0
전년,2024-10-06,M,ACC,Headwear,BN,비니,플러시 미야옹 비니,3ABNB1146,43LDL,43000,565,0,0,0,0,0,0,0
전년,2024-10-06,M,ACC,Headwear,BN,비니,플러시 미야옹 비니,3ABNB1146,50CRS,43000,1955,0,0,0,0,0,0,0
전년,2024-10-13,M,ACC,Headwear,BN,비니,플러시 미야옹 비니,3ABNB1146,07SBD,43000,0,0,0,0,0,0,0,0
전년,2024-10-13,M,ACC,Headwear,BN,비니,플러시 미야옹 비니,3ABNB1146,43LDL,43000,0,0,0,0,0,0,0,0
전년,2024-10-13,M,ACC,Headwear,BN,비니,플러시 미야옹 비니,3ABNB1146,50CRS,43000,0,0,0,0,0,0,0,0
전년,2024-10-20,M,ACC,Headwear,BN,비니,플러시 미야옹 비니,3ABNB1146,07SBD,43000,0,0,0,0,0,0,0,0
전년,2024-10-20,M,ACC,Headwear,BN,비니,플러시 미야옹 비니,3ABNB1146,43LDL,43000,0,0,0,0,0,0,0,0
전년,2024-10-20,M,ACC,Headwear,BN,비니,플러시 미야옹 비니,3ABNB1146,50CRS,43000,0,0,0,0,0,0,0,0
전년,2024-10-27,M,ACC,Headwear,BN,비니,플러시 미야옹 비니,3ABNB1146,07SBD,43000,0,0,0,0,0,0,0,0
전년,2024-10-27,M,ACC,Headwear,BN,비니,플러시 미야옹 비니,3ABNB1146,43LDL,43000,0,0,0,0,0,0,0,0
전년,2024-10-27,M,ACC,Headwear,BN,비니,플러시 미야옹 비니,3ABNB1146,50CRS,43000,0,0,0,0,0,0,0,0
전년,2024-11-03,M,ACC,Headwear,BN,비니,플러시 미야옹 비니,3ABNB1146,07SBD,43000,0,600,0,600,42,0,0,558
전년,2024-11-03,M,ACC,Headwear,BN,비니,플러시 미야옹 비니,3ABNB1146,43LDL,43000,0,700,0,700,33,0,0,667
전년,2024-11-03,M,ACC,Headwear,BN,비니,플러시 미야옹 비니,3ABNB1146,50CRS,43000,0,1500,0,1500,83,0,0,1417
전년,2024-11-10,M,ACC,Headwear,BN,비니,플러시 미야옹 비니,3ABNB1146,07SBD,43000,600,0,600,0,144,5,0,414
전년,2024-11-10,M,ACC,Headwear,BN,비니,플러시 미야옹 비니,3ABNB1146,43LDL,43000,0,0,0,0,119,21,0,548
전년,2024-11-10,M,ACC,Headwear,BN,비니,플러시 미야옹 비니,3ABNB1146,50BKS,43000,1500,0,1500,0,0,0,0,0
전년,2024-11-10,M,ACC,Headwear,BN,비니,플러시 미야옹 비니,3ABNB1146,50CRS,43000,0,0,0,0,371,19,0,1046
전년,2024-11-17,M,ACC,Headwear,BN,비니,플러시 미야옹 비니,3ABNB1146,07SBD,43000,0,0,0,0,151,11,1,262
전년,2024-11-17,M,ACC,Headwear,BN,비니,플러시 미야옹 비니,3ABNB1146,43LDL,43000,0,0,0,0,148,21,0,400
전년,2024-11-17,M,ACC,Headwear,BN,비니,플러시 미야옹 비니,3ABNB1146,50BKS,43000,0,0,0,0,0,0,0,0
전년,2024-11-17,M,ACC,Headwear,BN,비니,플러시 미야옹 비니,3ABNB1146,50CRS,43000,1000,0,1000,0,457,54,1,588
전년,2024-11-24,M,ACC,Headwear,BN,비니,플러시 미야옹 비니,3ABNB1146,07SBD,43000,0,0,0,0,97,105,0,165
전년,2024-11-24,M,ACC,Headwear,BN,비니,플러시 미야옹 비니,3ABNB1146,43LDL,43000,0,0,0,0,144,107,0,256
전년,2024-11-24,M,ACC,Headwear,BN,비니,플러시 미야옹 비니,3ABNB1146,50BKS,43000,0,0,0,0,0,0,0,0
전년,2024-11-24,M,ACC,Headwear,BN,비니,플러시 미야옹 비니,3ABNB1146,50CRS,43000,0,0,0,0,288,479,0,300
전년,2024-12-01,M,ACC,Headwear,BN,비니,플러시 미야옹 비니,3ABNB1146,07SBD,43000,610,0,0,0,79,48,1,85
전년,2024-12-01,M,ACC,Headwear,BN,비니,플러시 미야옹 비니,3ABNB1146,43LDL,43000,500,0,0,0,98,167,2,156
전년,2024-12-01,M,ACC,Headwear,BN,비니,플러시 미야옹 비니,3ABNB1146,50BKS,43000,950,0,0,0,0,1,0,0
전년,2024-12-01,M,ACC,Headwear,BN,비니,플러시 미야옹 비니,3ABNB1146,50CRS,43000,1360,0,0,0,191,587,1,108
전년,2024-12-08,M,ACC,Headwear,BN,비니,플러시 미야옹 비니,3ABNB1146,07SBD,43000,0,540,0,540,158,23,0,467
전년,2024-12-08,M,ACC,Headwear,BN,비니,플러시 미야옹 비니,3ABNB1146,43LDL,43000,0,0,0,0,53,110,0,103
전년,2024-12-08,M,ACC,Headwear,BN,비니,플러시 미야옹 비니,3ABNB1146,50BKS,43000,0,1500,0,1500,164,0,0,1336
전년,2024-12-08,M,ACC,Headwear,BN,비니,플러시 미야옹 비니,3ABNB1146,50CRS,43000,0,0,0,0,71,300,0,37
전년,2024-12-15,M,ACC,Headwear,BN,비니,플러시 미야옹 비니,3ABNB1146,07SBD,43000,0,0,0,0,186,45,15,266
전년,2024-12-15,M,ACC,Headwear,BN,비니,플러시 미야옹 비니,3ABNB1146,43LDL,43000,0,0,0,0,32,68,0,71
전년,2024-12-15,M,ACC,Headwear,BN,비니,플러시 미야옹 비니,3ABNB1146,50BKS,43000,0,0,0,0,500,0,10,826
전년,2024-12-15,M,ACC,Headwear,BN,비니,플러시 미야옹 비니,3ABNB1146,50CRS,43000,0,1000,0,1000,290,319,1,746
전년,2024-12-22,M,ACC,Headwear,BN,비니,크로셰 미야옹 비니,3ABNB0153,07BLM,39000,500,0,500,0,0,0,0,0
전년,2024-12-22,M,ACC,Headwear,BN,비니,크로셰 미야옹 비니,3ABNB0153,43IVS,39000,900,0,900,0,0,0,0,0
전년,2024-12-22,M,ACC,Headwear,BN,비니,크로셰 미야옹 비니,3ABNB0153,50BKS,39000,1200,0,1200,0,0,0,0,0
전년,2024-12-22,M,ACC,Headwear,BN,비니,크로셰 미야옹 비니,3ABNB0153,50PCL,39000,600,0,600,0,0,0,0,0
전년,2024-12-22,M,ACC,Headwear,BN,비니,플러시 미야옹 비니,3ABNB1146,07SBD,43000,0,0,0,0,79,11,0,187
전년,2024-12-22,M,ACC,Headwear,BN,비니,플러시 미야옹 비니,3ABNB1146,43LDL,43000,0,0,0,0,21,29,0,50
전년,2024-12-22,M,ACC,Headwear,BN,비니,플러시 미야옹 비니,3ABNB1146,50BKS,43000,0,0,0,0,321,0,0,505
전년,2024-12-22,M,ACC,Headwear,BN,비니,플러시 미야옹 비니,3ABNB1146,50CRS,43000,0,0,0,0,409,91,1,336
전년,2024-12-29,M,ACC,Headwear,BN,비니,크로셰 미야옹 비니,3ABNB0153,07BLM,39000,0,0,0,0,0,0,0,0
전년,2024-12-29,M,ACC,Headwear,BN,비니,크로셰 미야옹 비니,3ABNB0153,43IVS,39000,0,0,0,0,0,0,0,0
전년,2024-12-29,M,ACC,Headwear,BN,비니,크로셰 미야옹 비니,3ABNB0153,50BKS,39000,0,0,0,0,0,0,0,0
전년,2024-12-29,M,ACC,Headwear,BN,비니,크로셰 미야옹 비니,3ABNB0153,50PCL,39000,0,0,0,0,0,0,0,0
전년,2024-12-29,M,ACC,Headwear,BN,비니,플러시 미야옹 비니,3ABNB1146,07SBD,43000,0,0,0,0,66,50,0,121
전년,2024-12-29,M,ACC,Headwear,BN,비니,플러시 미야옹 비니,3ABNB1146,43LDL,43000,0,0,0,0,12,58,0,38
전년,2024-12-29,M,ACC,Headwear,BN,비니,플러시 미야옹 비니,3ABNB1146,50BKS,43000,0,0,0,0,233,0,0,272
전년,2024-12-29,M,ACC,Headwear,BN,비니,플러시 미야옹 비니,3ABNB1146,50CRS,43000,0,0,0,0,153,126,0,183
당해,2025-01-05,M,ACC,Headwear,BN,비니,크로셰 미야옹 비니,3ABNB0153,07BLM,39000,0,0,0,0,0,0,0,0
당해,2025-01-05,M,ACC,Headwear,BN,비니,크로셰 미야옹 비니,3ABNB0153,43IVS,39000,0,0,0,0,0,0,0,0
당해,2025-01-05,M,ACC,Headwear,BN,비니,크로셰 미야옹 비니,3ABNB0153,50BKS,39000,0,0,0,0,0,0,0,0
당해,2025-01-05,M,ACC,Headwear,BN,비니,크로셰 미야옹 비니,3ABNB0153,50PCL,39000,0,0,0,0,0,0,0,0
당해,2025-01-05,M,ACC,Headwear,BN,비니,플러시 미야옹 비니,3ABNB1146,07SBD,43000,0,60,0,60,59,79,1,121
당해,2025-01-05,M,ACC,Headwear,BN,비니,플러시 미야옹 비니,3ABNB1146,43LDL,43000,0,0,0,0,10,92,1,27
당해,2025-01-05,M,ACC,Headwear,BN,비니,플러시 미야옹 비니,3ABNB1146,50BKS,43000,0,0,0,0,59,128,0,213
당해,2025-01-05,M,ACC,Headwear,BN,비니,플러시 미야옹 비니,3ABNB1146,50CRS,43000,0,0,0,0,90,242,2,91
당해,2025-01-12,M,ACC,Headwear,BN,비니,크로셰 미야옹 비니,3ABNB0153,07BLM,39000,0,0,0,0,0,0,0,0
당해,2025-01-12,M,ACC,Headwear,BN,비니,크로셰 미야옹 비니,3ABNB0153,43IVS,39000,0,0,0,0,0,0,0,0
당해,2025-01-12,M,ACC,Headwear,BN,비니,크로셰 미야옹 비니,3ABNB0153,50BKS,39000,0,0,0,0,0,0,0,0
당해,2025-01-12,M,ACC,Headwear,BN,비니,크로셰 미야옹 비니,3ABNB0153,50PCL,39000,0,0,0,0,0,0,0,0
당해,2025-01-12,M,ACC,Headwear,BN,비니,플러시 미야옹 비니,3ABNB1146,07SBD,43000,0,0,0,0,56,180,0,65
당해,2025-01-12,M,ACC,Headwear,BN,비니,플러시 미야옹 비니,3ABNB1146,43LDL,43000,0,0,0,0,3,114,0,24
당해,2025-01-12,M,ACC,Headwear,BN,비니,플러시 미야옹 비니,3ABNB1146,50BKS,43000,0,0,0,0,72,320,0,141
당해,2025-01-12,M,ACC,Headwear,BN,비니,플러시 미야옹 비니,3ABNB1146,50CRS,43000,0,0,0,0,45,410,0,46
당해,2025-01-19,M,ACC,Headwear,BN,비니,크로셰 미야옹 비니,3ABNB0153,07BLM,39000,0,0,0,0,0,0,0,0
당해,2025-01-19,M,ACC,Headwear,BN,비니,크로셰 미야옹 비니,3ABNB0153,43IVS,39000,0,0,0,0,0,0,0,0
당해,2025-01-19,M,ACC,Headwear,BN,비니,크로셰 미야옹 비니,3ABNB0153,50BKS,39000,0,0,0,0,0,0,0,0
당해,2025-01-19,M,ACC,Headwear,BN,비니,크로셰 미야옹 비니,3ABNB0153,50PCL,39000,0,0,0,0,0,0,0,0
당해,2025-01-19,M,ACC,Headwear,BN,비니,플러시 미야옹 비니,3ABNB1146,07SBD,43000,0,0,0,0,11,162,0,54
당해,2025-01-19,M,ACC,Headwear,BN,비니,플러시 미야옹 비니,3ABNB1146,43LDL,43000,0,0,0,0,3,109,0,21
당해,2025-01-19,M,ACC,Headwear,BN,비니,플러시 미야옹 비니,3ABNB1146,50BKS,43000,0,0,0,0,17,246,0,124
당해,2025-01-19,M,ACC,Headwear,BN,비니,플러시 미야옹 비니,3ABNB1146,50CRS,43000,0,0,0,0,19,322,0,27
당해,2025-01-26,M,ACC,Headwear,BN,비니,크로셰 미야옹 비니,3ABNB0153,07BLM,39000,0,0,0,0,0,0,0,0
당해,2025-01-26,M,ACC,Headwear,BN,비니,크로셰 미야옹 비니,3ABNB0153,43IVS,39000,0,0,0,0,0,0,0,0
당해,2025-01-26,M,ACC,Headwear,BN,비니,크로셰 미야옹 비니,3ABNB0153,50BKS,39000,0,0,0,0,0,0,0,0
당해,2025-01-26,M,ACC,Headwear,BN,비니,크로셰 미야옹 비니,3ABNB0153,50PCL,39000,0,0,0,0,0,0,0,0
당해,2025-01-26,M,ACC,Headwear,BN,비니,플러시 미야옹 비니,3ABNB1146,07SBD,43000,0,0,0,0,7,105,0,47
당해,2025-01-26,M,ACC,Headwear,BN,비니,플러시 미야옹 비니,3ABNB1146,43LDL,43000,0,0,0,0,1,94,0,20
당해,2025-01-26,M,ACC,Headwear,BN,비니,플러시 미야옹 비니,3ABNB1146,50BKS,43000,0,0,0,0,5,161,0,119
당해,2025-01-26,M,ACC,Headwear,BN,비니,플러시 미야옹 비니,3ABNB1146,50CRS,43000,0,0,0,0,5,235,0,22
당해,2025-02-02,M,ACC,Headwear,BN,비니,크로셰 미야옹 비니,3ABNB0153,07BLM,39000,0,0,0,0,0,0,0,0
당해,2025-02-02,M,ACC,Headwear,BN,비니,크로셰 미야옹 비니,3ABNB0153,43IVS,39000,0,0,0,0,0,0,0,0
당해,2025-02-02,M,ACC,Headwear,BN,비니,크로셰 미야옹 비니,3ABNB0153,50BKS,39000,0,0,0,0,0,0,0,0
당해,2025-02-02,M,ACC,Headwear,BN,비니,크로셰 미야옹 비니,3ABNB0153,50PCL,39000,0,0,0,0,0,0,0,0
당해,2025-02-02,M,ACC,Headwear,BN,비니,플러시 미야옹 비니,3ABNB1146,07SBD,43000,0,0,0,0,5,57,0,42
당해,2025-02-02,M,ACC,Headwear,BN,비니,플러시 미야옹 비니,3ABNB1146,43LDL,43000,0,0,0,0,1,68,1,18
당해,2025-02-02,M,ACC,Headwear,BN,비니,플러시 미야옹 비니,3ABNB1146,50BKS,43000,0,0,0,0,14,41,0,105
당해,2025-02-02,M,ACC,Headwear,BN,비니,플러시 미야옹 비니,3ABNB1146,50CRS,43000,0,0,0,0,5,125,0,17
당해,2025-02-09,M,ACC,Headwear,BN,비니,크로셰 미야옹 비니,3ABNB0153,07BLM,39000,0,0,0,0,0,0,0,0
당해,2025-02-09,M,ACC,Headwear,BN,비니,크로셰 미야옹 비니,3ABNB0153,43IVS,39000,0,0,0,0,0,0,0,0
당해,2025-02-09,M,ACC,Headwear,BN,비니,크로셰 미야옹 비니,3ABNB0153,50BKS,39000,0,0,0,0,0,0,0,0
당해,2025-02-09,M,ACC,Headwear,BN,비니,크로셰 미야옹 비니,3ABNB0153,50PCL,39000,0,0,0,0,0,0,0,0
당해,2025-02-09,M,ACC,Headwear,BN,비니,플러시 미야옹 비니,3ABNB1146,07SBD,43000,0,0,0,0,5,18,0,37
당해,2025-02-09,M,ACC,Headwear,BN,비니,플러시 미야옹 비니,3ABNB1146,43LDL,43000,0,0,0,0,0,27,0,18
당해,2025-02-09,M,ACC,Headwear,BN,비니,플러시 미야옹 비니,3ABNB1146,50BKS,43000,0,0,0,0,13,18,0,92
당해,2025-02-09,M,ACC,Headwear,BN,비니,플러시 미야옹 비니,3ABNB1146,50CRS,43000,0,0,0,0,1,51,0,16
당해,2025-02-16,M,ACC,Headwear,BN,비니,크로셰 미야옹 비니,3ABNB0153,07BLM,39000,0,0,0,0,0,0,0,0
당해,2025-02-16,M,ACC,Headwear,BN,비니,크로셰 미야옹 비니,3ABNB0153,43IVS,39000,0,0,0,0,0,0,0,0
당해,2025-02-16,M,ACC,Headwear,BN,비니,크로셰 미야옹 비니,3ABNB0153,50BKS,39000,0,0,0,0,0,0,0,0
당해,2025-02-16,M,ACC,Headwear,BN,비니,크로셰 미야옹 비니,3ABNB0153,50PCL,39000,0,0,0,0,0,0,0,0
당해,2025-02-16,M,ACC,Headwear,BN,비니,플러시 미야옹 비니,3ABNB1146,07SBD,43000,0,0,0,0,-1,5,0,38
당해,2025-02-16,M,ACC,Headwear,BN,비니,플러시 미야옹 비니,3ABNB1146,43LDL,43000,0,0,0,0,2,12,0,16
당해,2025-02-16,M,ACC,Headwear,BN,비니,플러시 미야옹 비니,3ABNB1146,50BKS,43000,0,0,0,0,6,9,0,86
당해,2025-02-16,M,ACC,Headwear,BN,비니,플러시 미야옹 비니,3ABNB1146,50CRS,43000,0,0,0,0,2,20,0,14
당해,2025-02-23,M,ACC,Headwear,BN,비니,크로셰 미야옹 비니,3ABNB0153,07BLM,39000,0,0,0,0,0,0,0,0
당해,2025-02-23,M,ACC,Headwear,BN,비니,크로셰 미야옹 비니,3ABNB0153,43IVS,39000,0,0,0,0,0,0,0,0
당해,2025-02-23,M,ACC,Headwear,BN,비니,크로셰 미야옹 비니,3ABNB0153,50BKS,39000,0,0,0,0,0,0,0,0
당해,2025-02-23,M,ACC,Headwear,BN,비니,크로셰 미야옹 비니,3ABNB0153,50PCL,39000,0,0,0,0,0,0,0,0
당해,2025-02-23,M,ACC,Headwear,BN,비니,플러시 미야옹 비니,3ABNB1146,07SBD,43000,0,0,0,0,2,4,0,36
당해,2025-02-23,M,ACC,Headwear,BN,비니,플러시 미야옹 비니,3ABNB1146,43LDL,43000,0,0,0,0,0,7,0,16
당해,2025-02-23,M,ACC,Headwear,BN,비니,플러시 미야옹 비니,3ABNB1146,50BKS,43000,0,0,0,0,5,4,0,81
당해,2025-02-23,M,ACC,Headwear,BN,비니,플러시 미야옹 비니,3ABNB1146,50CRS,43000,0,0,0,0,2,15,0,12
당해,2025-03-02,M,ACC,Headwear,BN,비니,크로셰 미야옹 비니,3ABNB0153,07BLM,39000,0,0,0,0,0,0,0,0
당해,2025-03-02,M,ACC,Headwear,BN,비니,크로셰 미야옹 비니,3ABNB0153,43IVS,39000,0,0,0,0,0,0,0,0
당해,2025-03-02,M,ACC,Headwear,BN,비니,크로셰 미야옹 비니,3ABNB0153,50BKS,39000,0,0,0,0,0,0,0,0
당해,2025-03-02,M,ACC,Headwear,BN,비니,크로셰 미야옹 비니,3ABNB0153,50PCL,39000,0,0,0,0,0,0,0,0
당해,2025-03-02,M,ACC,Headwear,BN,비니,플러시 미야옹 비니,3ABNB1146,07SBD,43000,0,0,0,0,-4,0,0,40
당해,2025-03-02,M,ACC,Headwear,BN,비니,플러시 미야옹 비니,3ABNB1146,43LDL,43000,0,0,0,0,-2,0,0,18
당해,2025-03-02,M,ACC,Headwear,BN,비니,플러시 미야옹 비니,3ABNB1146,50BKS,43000,0,0,0,0,3,1,0,78
당해,2025-03-02,M,ACC,Headwear,BN,비니,플러시 미야옹 비니,3ABNB1146,50CRS,43000,0,0,0,0,-1,2,0,13
당해,2025-03-09,M,ACC,Headwear,BN,비니,크로셰 미야옹 비니,3ABNB0153,07BLM,39000,0,0,0,0,0,0,0,0
당해,2025-03-09,M,ACC,Headwear,BN,비니,크로셰 미야옹 비니,3ABNB0153,43IVS,39000,0,0,0,0,0,0,0,0
당해,2025-03-09,M,ACC,Headwear,BN,비니,크로셰 미야옹 비니,3ABNB0153,50BKS,39000,0,0,0,0,0,0,0,0
당해,2025-03-09,M,ACC,Headwear,BN,비니,크로셰 미야옹 비니,3ABNB0153,50PCL,39000,0,0,0,0,0,0,0,0
당해,2025-03-09,M,ACC,Headwear,BN,비니,플러시 미야옹 비니,3ABNB1146,07SBD,43000,0,0,0,0,0,1,0,40
당해,2025-03-09,M,ACC,Headwear,BN,비니,플러시 미야옹 비니,3ABNB1146,43LDL,43000,0,0,0,0,0,0,0,18
당해,2025-03-09,M,ACC,Headwear,BN,비니,플러시 미야옹 비니,3ABNB1146,50BKS,43000,0,0,0,0,1,2,0,77
당해,2025-03-09,M,ACC,Headwear,BN,비니,플러시 미야옹 비니,3ABNB1146,50CRS,43000,0,0,0,0,0,0,0,13
당해,2025-03-09,M,ACC,Headwear,BN,비니,플러시 미야옹 비니,3ABNB1156,07SBD,43000,5830,0,0,0,0,0,0,0
당해,2025-03-09,M,ACC,Headwear,BN,비니,플러시 미야옹 비니,3ABNB1156,43LDL,43000,5400,0,0,0,0,0,0,0
당해,2025-03-09,M,ACC,Headwear,BN,비니,플러시 미야옹 비니,3ABNB1156,50BKS,43000,10020,0,0,0,0,0,0,0
당해,2025-03-09,M,ACC,Headwear,BN,비니,플러시 미야옹 비니,3ABNB1156,50CRS,43000,11810,0,0,0,0,0,0,0
당해,2025-03-16,M,ACC,Headwear,BN,비니,크로셰 미야옹 비니,3ABNB0153,07BLM,39000,0,0,0,0,0,0,0,0
당해,2025-03-16,M,ACC,Headwear,BN,비니,크로셰 미야옹 비니,3ABNB0153,43IVS,39000,0,0,0,0,0,0,0,0
당해,2025-03-16,M,ACC,Headwear,BN,비니,크로셰 미야옹 비니,3ABNB0153,50BKS,39000,0,0,0,0,0,0,0,0
당해,2025-03-16,M,ACC,Headwear,BN,비니,크로셰 미야옹 비니,3ABNB0153,50PCL,39000,0,0,0,0,0,0,0,0
당해,2025-03-16,M,ACC,Headwear,BN,비니,플러시 미야옹 비니,3ABNB1146,07SBD,43000,0,0,0,0,0,0,0,40
당해,2025-03-16,M,ACC,Headwear,BN,비니,플러시 미야옹 비니,3ABNB1146,43LDL,43000,0,0,0,0,0,0,0,18
당해,2025-03-16,M,ACC,Headwear,BN,비니,플러시 미야옹 비니,3ABNB1146,50BKS,43000,0,0,0,0,0,1,0,77
당해,2025-03-16,M,ACC,Headwear,BN,비니,플러시 미야옹 비니,3ABNB1146,50CRS,43000,0,0,0,0,0,2,0,13
당해,2025-03-16,M,ACC,Headwear,BN,비니,플러시 미야옹 비니,3ABNB1156,07SBD,43000,0,0,0,0,0,0,0,0
당해,2025-03-16,M,ACC,Headwear,BN,비니,플러시 미야옹 비니,3ABNB1156,43LDL,43000,0,0,0,0,0,0,0,0
당해,2025-03-16,M,ACC,Headwear,BN,비니,플러시 미야옹 비니,3ABNB1156,50BKS,43000,0,0,0,0,0,0,0,0
당해,2025-03-16,M,ACC,Headwear,BN,비니,플러시 미야옹 비니,3ABNB1156,50CRS,43000,0,0,0,0,0,0,0,0
당해,2025-03-23,M,ACC,Headwear,BN,비니,크로셰 미야옹 비니,3ABNB0153,07BLM,39000,0,500,0,500,0,0,0,500
당해,2025-03-23,M,ACC,Headwear,BN,비니,크로셰 미야옹 비니,3ABNB0153,43IVS,39000,0,900,0,900,0,0,0,900
당해,2025-03-23,M,ACC,Headwear,BN,비니,크로셰 미야옹 비니,3ABNB0153,50BKS,39000,0,1200,0,1200,0,0,0,1200
당해,2025-03-23,M,ACC,Headwear,BN,비니,크로셰 미야옹 비니,3ABNB0153,50PCL,39000,0,600,0,600,0,0,0,600
당해,2025-03-23,M,ACC,Headwear,BN,비니,플러시 미야옹 비니,3ABNB1146,07SBD,43000,0,0,0,0,0,0,0,40
당해,2025-03-23,M,ACC,Headwear,BN,비니,플러시 미야옹 비니,3ABNB1146,43LDL,43000,0,0,0,0,0,0,1,17
당해,2025-03-23,M,ACC,Headwear,BN,비니,플러시 미야옹 비니,3ABNB1146,50BKS,43000,0,0,0,0,0,0,1,76
당해,2025-03-23,M,ACC,Headwear,BN,비니,플러시 미야옹 비니,3ABNB1146,50CRS,43000,0,0,0,0,0,0,1,12
당해,2025-03-23,M,ACC,Headwear,BN,비니,플러시 미야옹 비니,3ABNB1156,07SBD,43000,0,0,0,0,0,0,0,0
당해,2025-03-23,M,ACC,Headwear,BN,비니,플러시 미야옹 비니,3ABNB1156,43LDL,43000,0,0,0,0,0,0,0,0
당해,2025-03-23,M,ACC,Headwear,BN,비니,플러시 미야옹 비니,3ABNB1156,43PKL,43000,0,0,0,0,0,0,0,0
당해,2025-03-23,M,ACC,Headwear,BN,비니,플러시 미야옹 비니,3ABNB1156,50BKS,43000,0,0,0,0,0,0,0,0
당해,2025-03-23,M,ACC,Headwear,BN,비니,플러시 미야옹 비니,3ABNB1156,50CRS,43000,0,0,0,0,0,0,0,0
당해,2025-03-23,M,ACC,Headwear,BN,비니,플러시 미야옹 비니,3ABNB1156,50NYS,43000,0,0,0,0,0,0,0,0
당해,2025-03-23,M,ACC,Headwear,BN,비니,미야옹 이어플랩 비니,3ABNV0756,07COS,49000,0,0,0,0,0,0,0,0
당해,2025-03-23,M,ACC,Headwear,BN,비니,미야옹 이어플랩 비니,3ABNV0756,43BRP,49000,0,0,0,0,0,0,0,0
당해,2025-03-23,M,ACC,Headwear,BN,비니,미야옹 이어플랩 비니,3ABNV0756,50BKS,49000,0,0,0,0,0,0,0,0
당해,2025-03-23,M,ACC,Headwear,BN,비니,미야옹 이어플랩 비니,3ABNV0756,50CRS,49000,0,0,0,0,0,0,0,0
당해,2025-03-30,M,ACC,Headwear,BN,비니,크로셰 미야옹 비니,3ABNB0153,07BLM,39000,0,0,0,0,21,0,0,479
당해,2025-03-30,M,ACC,Headwear,BN,비니,크로셰 미야옹 비니,3ABNB0153,43IVS,39000,0,0,0,0,29,0,0,871
당해,2025-03-30,M,ACC,Headwear,BN,비니,크로셰 미야옹 비니,3ABNB0153,50BKS,39000,0,0,0,0,69,0,0,1131
당해,2025-03-30,M,ACC,Headwear,BN,비니,크로셰 미야옹 비니,3ABNB0153,50PCL,39000,0,0,0,0,19,0,0,581
당해,2025-03-30,M,ACC,Headwear,BN,비니,플러시 미야옹 비니,3ABNB1146,07SBD,43000,0,0,0,0,0,0,0,40
당해,2025-03-30,M,ACC,Headwear,BN,비니,플러시 미야옹 비니,3ABNB1146,43LDL,43000,0,0,0,0,0,0,0,17
당해,2025-03-30,M,ACC,Headwear,BN,비니,플러시 미야옹 비니,3ABNB1146,50BKS,43000,0,0,0,0,0,0,0,76
당해,2025-03-30,M,ACC,Headwear,BN,비니,플러시 미야옹 비니,3ABNB1146,50CRS,43000,0,0,0,0,0,0,0,12
당해,2025-03-30,M,ACC,Headwear,BN,비니,플러시 미야옹 비니,3ABNB1156,07SBD,43000,0,0,0,0,0,0,0,0
당해,2025-03-30,M,ACC,Headwear,BN,비니,플러시 미야옹 비니,3ABNB1156,43LDL,43000,0,0,0,0,0,0,0,0
당해,2025-03-30,M,ACC,Headwear,BN,비니,플러시 미야옹 비니,3ABNB1156,43PKL,43000,5900,0,1500,0,0,0,0,0
당해,2025-03-30,M,ACC,Headwear,BN,비니,플러시 미야옹 비니,3ABNB1156,50BKS,43000,0,0,0,0,0,0,0,0
당해,2025-03-30,M,ACC,Headwear,BN,비니,플러시 미야옹 비니,3ABNB1156,50CRS,43000,0,0,0,0,0,0,0,0
당해,2025-03-30,M,ACC,Headwear,BN,비니,플러시 미야옹 비니,3ABNB1156,50NYS,43000,5630,0,2000,0,0,0,0,0
당해,2025-03-30,M,ACC,Headwear,BN,비니,미야옹 이어플랩 비니,3ABNV0756,07COS,49000,2390,0,0,0,0,0,0,0
당해,2025-03-30,M,ACC,Headwear,BN,비니,미야옹 이어플랩 비니,3ABNV0756,43BRP,49000,1290,0,750,0,0,0,0,0
당해,2025-03-30,M,ACC,Headwear,BN,비니,미야옹 이어플랩 비니,3ABNV0756,50BKS,49000,4470,0,1250,0,0,0,0,0
당해,2025-03-30,M,ACC,Headwear,BN,비니,미야옹 이어플랩 비니,3ABNV0756,50CRS,49000,5220,0,1000,0,0,0,0,0
당해,2025-04-06,M,ACC,Headwear,BN,비니,크로셰 미야옹 비니,3ABNB0153,07BLM,39000,0,0,0,0,38,0,0,441
당해,2025-04-06,M,ACC,Headwear,BN,비니,크로셰 미야옹 비니,3ABNB0153,43IVS,39000,0,0,0,0,46,0,0,825
당해,2025-04-06,M,ACC,Headwear,BN,비니,크로셰 미야옹 비니,3ABNB0153,50BKS,39000,0,0,0,0,142,0,0,989
당해,2025-04-06,M,ACC,Headwear,BN,비니,크로셰 미야옹 비니,3ABNB0153,50PCL,39000,0,0,0,0,30,0,0,551
당해,2025-04-06,M,ACC,Headwear,BN,비니,플러시 미야옹 비니,3ABNB1146,07SBD,43000,0,0,0,0,0,0,0,40
당해,2025-04-06,M,ACC,Headwear,BN,비니,플러시 미야옹 비니,3ABNB1146,43LDL,43000,0,0,0,0,0,0,0,17
당해,2025-04-06,M,ACC,Headwear,BN,비니,플러시 미야옹 비니,3ABNB1146,50BKS,43000,0,0,0,0,0,0,0,76
당해,2025-04-06,M,ACC,Headwear,BN,비니,플러시 미야옹 비니,3ABNB1146,50CRS,43000,0,0,0,0,0,1,0,12
당해,2025-04-06,M,ACC,Headwear,BN,비니,플러시 미야옹 비니,3ABNB1156,07SBD,43000,1500,0,1500,0,0,0,0,0
당해,2025-04-06,M,ACC,Headwear,BN,비니,플러시 미야옹 비니,3ABNB1156,43LDL,43000,0,0,0,0,0,0,0,0
당해,2025-04-06,M,ACC,Headwear,BN,비니,플러시 미야옹 비니,3ABNB1156,43PKL,43000,0,0,0,0,0,0,0,0
당해,2025-04-06,M,ACC,Headwear,BN,비니,플러시 미야옹 비니,3ABNB1156,50BKS,43000,4000,0,4000,0,0,0,0,0
당해,2025-04-06,M,ACC,Headwear,BN,비니,플러시 미야옹 비니,3ABNB1156,50CRS,43000,3000,0,3000,0,0,0,0,0
당해,2025-04-06,M,ACC,Headwear,BN,비니,플러시 미야옹 비니,3ABNB1156,50NYS,43000,0,0,0,0,0,0,0,0
당해,2025-04-06,M,ACC,Headwear,BN,비니,미야옹 이어플랩 비니,3ABNV0756,07COS,49000,0,0,0,0,0,0,0,0
당해,2025-04-06,M,ACC,Headwear,BN,비니,미야옹 이어플랩 비니,3ABNV0756,43BRP,49000,0,0,0,0,0,0,0,0
당해,2025-04-06,M,ACC,Headwear,BN,비니,미야옹 이어플랩 비니,3ABNV0756,50BKS,49000,0,0,0,0,0,0,0,0
당해,2025-04-06,M,ACC,Headwear,BN,비니,미야옹 이어플랩 비니,3ABNV0756,50CRS,49000,0,0,0,0,0,0,0,0
당해,2025-04-13,M,ACC,Headwear,BN,비니,크로셰 미야옹 비니,3ABNB0153,07BLM,39000,0,0,0,0,31,0,0,410
당해,2025-04-13,M,ACC,Headwear,BN,비니,크로셰 미야옹 비니,3ABNB0153,43IVS,39000,0,0,0,0,39,0,0,786
당해,2025-04-13,M,ACC,Headwear,BN,비니,크로셰 미야옹 비니,3ABNB0153,50BKS,39000,0,0,0,0,130,0,1,858
당해,2025-04-13,M,ACC,Headwear,BN,비니,크로셰 미야옹 비니,3ABNB0153,50PCL,39000,0,0,0,0,22,0,0,529
당해,2025-04-13,M,ACC,Headwear,BN,비니,플러시 미야옹 비니,3ABNB1146,07SBD,43000,0,0,0,0,0,0,0,40
당해,2025-04-13,M,ACC,Headwear,BN,비니,플러시 미야옹 비니,3ABNB1146,43LDL,43000,0,0,0,0,0,0,0,17
당해,2025-04-13,M,ACC,Headwear,BN,비니,플러시 미야옹 비니,3ABNB1146,50BKS,43000,0,0,0,0,0,0,0,76
당해,2025-04-13,M,ACC,Headwear,BN,비니,플러시 미야옹 비니,3ABNB1146,50CRS,43000,0,0,0,0,0,0,0,12
당해,2025-04-13,M,ACC,Headwear,BN,비니,플러시 미야옹 비니,3ABNB1156,07SBD,43000,0,0,0,0,0,0,0,0
당해,2025-04-13,M,ACC,Headwear,BN,비니,플러시 미야옹 비니,3ABNB1156,43LDL,43000,0,0,0,0,0,0,0,0
당해,2025-04-13,M,ACC,Headwear,BN,비니,플러시 미야옹 비니,3ABNB1156,43PKL,43000,0,0,0,0,0,0,0,0
당해,2025-04-13,M,ACC,Headwear,BN,비니,플러시 미야옹 비니,3ABNB1156,50BKS,43000,0,0,0,0,0,0,0,0
당해,2025-04-13,M,ACC,Headwear,BN,비니,플러시 미야옹 비니,3ABNB1156,50CRS,43000,0,0,0,0,0,0,0,0
당해,2025-04-13,M,ACC,Headwear,BN,비니,플러시 미야옹 비니,3ABNB1156,50NYS,43000,0,0,0,0,0,0,0,0
당해,2025-04-13,M,ACC,Headwear,BN,비니,미야옹 이어플랩 비니,3ABNV0756,07COS,49000,0,0,0,0,0,0,0,0
당해,2025-04-13,M,ACC,Headwear,BN,비니,미야옹 이어플랩 비니,3ABNV0756,43BRP,49000,0,0,0,0,0,0,0,0
당해,2025-04-13,M,ACC,Headwear,BN,비니,미야옹 이어플랩 비니,3ABNV0756,50BKS,49000,0,0,0,0,0,0,0,0
당해,2025-04-13,M,ACC,Headwear,BN,비니,미야옹 이어플랩 비니,3ABNV0756,50CRS,49000,0,0,0,0,0,0,0,0
당해,2025-04-20,M,ACC,Headwear,BN,비니,크로셰 미야옹 비니,3ABNB0153,07BLM,39000,300,0,300,0,29,0,0,381
당해,2025-04-20,M,ACC,Headwear,BN,비니,크로셰 미야옹 비니,3ABNB0153,43IVS,39000,400,0,400,0,60,0,0,726
당해,2025-04-20,M,ACC,Headwear,BN,비니,크로셰 미야옹 비니,3ABNB0153,50BKS,39000,600,0,600,0,186,0,0,672
당해,2025-04-20,M,ACC,Headwear,BN,비니,크로셰 미야옹 비니,3ABNB0153,50PCL,39000,0,0,0,0,33,0,0,496
당해,2025-04-20,M,ACC,Headwear,BN,비니,플러시 미야옹 비니,3ABNB1146,07SBD,43000,0,0,0,0,0,0,0,40
당해,2025-04-20,M,ACC,Headwear,BN,비니,플러시 미야옹 비니,3ABNB1146,43LDL,43000,0,0,0,0,0,0,0,17
당해,2025-04-20,M,ACC,Headwear,BN,비니,플러시 미야옹 비니,3ABNB1146,50BKS,43000,0,0,0,0,0,0,0,76
당해,2025-04-20,M,ACC,Headwear,BN,비니,플러시 미야옹 비니,3ABNB1146,50CRS,43000,0,0,0,0,0,0,0,12
당해,2025-04-20,M,ACC,Headwear,BN,비니,플러시 미야옹 비니,3ABNB1156,07SBD,43000,0,0,0,0,0,0,0,0
당해,2025-04-20,M,ACC,Headwear,BN,비니,플러시 미야옹 비니,3ABNB1156,43LDL,43000,0,0,0,0,0,0,0,0
당해,2025-04-20,M,ACC,Headwear,BN,비니,플러시 미야옹 비니,3ABNB1156,43PKL,43000,0,0,0,0,0,0,0,0
당해,2025-04-20,M,ACC,Headwear,BN,비니,플러시 미야옹 비니,3ABNB1156,50BKS,43000,0,0,0,0,0,0,0,0
당해,2025-04-20,M,ACC,Headwear,BN,비니,플러시 미야옹 비니,3ABNB1156,50CRS,43000,0,0,0,0,0,0,0,0
당해,2025-04-20,M,ACC,Headwear,BN,비니,플러시 미야옹 비니,3ABNB1156,50NYS,43000,0,0,0,0,0,0,0,0
당해,2025-04-20,M,ACC,Headwear,BN,비니,미야옹 이어플랩 비니,3ABNV0756,07COS,49000,0,0,0,0,0,0,0,0
당해,2025-04-20,M,ACC,Headwear,BN,비니,미야옹 이어플랩 비니,3ABNV0756,43BRP,49000,0,0,0,0,0,0,0,0
당해,2025-04-20,M,ACC,Headwear,BN,비니,미야옹 이어플랩 비니,3ABNV0756,50BKS,49000,0,0,0,0,0,0,0,0
당해,2025-04-20,M,ACC,Headwear,BN,비니,미야옹 이어플랩 비니,3ABNV0756,50CRS,49000,0,0,0,0,0,0,0,0
당해,2025-04-27,M,ACC,Headwear,BN,비니,크로셰 미야옹 비니,3ABNB0153,07BLM,39000,0,0,0,0,18,0,0,363
당해,2025-04-27,M,ACC,Headwear,BN,비니,크로셰 미야옹 비니,3ABNB0153,43IVS,39000,0,0,0,0,55,0,0,671
당해,2025-04-27,M,ACC,Headwear,BN,비니,크로셰 미야옹 비니,3ABNB0153,50BKS,39000,0,0,0,0,147,0,0,525
당해,2025-04-27,M,ACC,Headwear,BN,비니,크로셰 미야옹 비니,3ABNB0153,50PCL,39000,0,0,0,0,20,0,0,476
당해,2025-04-27,M,ACC,Headwear,BN,비니,플러시 미야옹 비니,3ABNB1146,07SBD,43000,0,0,0,0,0,1,0,40
당해,2025-04-27,M,ACC,Headwear,BN,비니,플러시 미야옹 비니,3ABNB1146,43LDL,43000,0,0,0,0,0,0,0,17
당해,2025-04-27,M,ACC,Headwear,BN,비니,플러시 미야옹 비니,3ABNB1146,50BKS,43000,0,0,0,0,0,0,0,76
당해,2025-04-27,M,ACC,Headwear,BN,비니,플러시 미야옹 비니,3ABNB1146,50CRS,43000,0,0,0,0,0,0,0,12
당해,2025-04-27,M,ACC,Headwear,BN,비니,플러시 미야옹 비니,3ABNB1156,07SBD,43000,0,0,0,0,0,0,0,0
당해,2025-04-27,M,ACC,Headwear,BN,비니,플러시 미야옹 비니,3ABNB1156,43LDL,43000,0,0,0,0,0,0,0,0
당해,2025-04-27,M,ACC,Headwear,BN,비니,플러시 미야옹 비니,3ABNB1156,43PKL,43000,0,0,0,0,0,0,0,0
당해,2025-04-27,M,ACC,Headwear,BN,비니,플러시 미야옹 비니,3ABNB1156,50BKS,43000,0,0,0,0,0,0,0,0
당해,2025-04-27,M,ACC,Headwear,BN,비니,플러시 미야옹 비니,3ABNB1156,50CRS,43000,0,0,0,0,0,0,0,0
당해,2025-04-27,M,ACC,Headwear,BN,비니,플러시 미야옹 비니,3ABNB1156,50NYS,43000,0,0,0,0,0,0,0,0
당해,2025-04-27,M,ACC,Headwear,BN,비니,미야옹 이어플랩 비니,3ABNV0756,07COS,49000,0,0,0,0,0,0,0,0
당해,2025-04-27,M,ACC,Headwear,BN,비니,미야옹 이어플랩 비니,3ABNV0756,43BRP,49000,0,0,0,0,0,0,0,0
당해,2025-04-27,M,ACC,Headwear,BN,비니,미야옹 이어플랩 비니,3ABNV0756,50BKS,49000,0,0,0,0,0,0,0,0
당해,2025-04-27,M,ACC,Headwear,BN,비니,미야옹 이어플랩 비니,3ABNV0756,50CRS,49000,0,0,0,0,0,0,0,0
당해,2025-05-04,M,ACC,Headwear,BN,비니,크로셰 미야옹 비니,3ABNB0153,07BLM,39000,0,0,0,0,28,0,0,335
당해,2025-05-04,M,ACC,Headwear,BN,비니,크로셰 미야옹 비니,3ABNB0153,43IVS,39000,0,0,0,0,60,0,0,611
당해,2025-05-04,M,ACC,Headwear,BN,비니,크로셰 미야옹 비니,3ABNB0153,50BKS,39000,1500,0,1500,0,143,0,0,382
당해,2025-05-04,M,ACC,Headwear,BN,비니,크로셰 미야옹 비니,3ABNB0153,50PCL,39000,0,0,0,0,38,0,0,438
당해,2025-05-04,M,ACC,Headwear,BN,비니,플러시 미야옹 비니,3ABNB1146,07SBD,43000,0,0,0,0,0,0,0,40
당해,2025-05-04,M,ACC,Headwear,BN,비니,플러시 미야옹 비니,3ABNB1146,43LDL,43000,0,0,0,0,0,0,0,17
당해,2025-05-04,M,ACC,Headwear,BN,비니,플러시 미야옹 비니,3ABNB1146,50BKS,43000,0,0,0,0,0,1,0,76
당해,2025-05-04,M,ACC,Headwear,BN,비니,플러시 미야옹 비니,3ABNB1146,50CRS,43000,0,0,0,0,0,0,0,12
당해,2025-05-04,M,ACC,Headwear,BN,비니,플러시 미야옹 비니,3ABNB1156,07SBD,43000,0,0,0,0,0,0,0,0
당해,2025-05-04,M,ACC,Headwear,BN,비니,플러시 미야옹 비니,3ABNB1156,43LDL,43000,0,0,0,0,0,0,0,0
당해,2025-05-04,M,ACC,Headwear,BN,비니,플러시 미야옹 비니,3ABNB1156,43PKL,43000,0,0,0,0,0,0,0,0
당해,2025-05-04,M,ACC,Headwear,BN,비니,플러시 미야옹 비니,3ABNB1156,50BKS,43000,0,0,0,0,0,0,0,0
당해,2025-05-04,M,ACC,Headwear,BN,비니,플러시 미야옹 비니,3ABNB1156,50CRS,43000,0,0,0,0,0,0,0,0
당해,2025-05-04,M,ACC,Headwear,BN,비니,플러시 미야옹 비니,3ABNB1156,50NYS,43000,0,0,0,0,0,0,0,0
당해,2025-05-04,M,ACC,Headwear,BN,비니,미야옹 이어플랩 비니,3ABNV0756,07COS,49000,0,0,0,0,0,0,0,0
당해,2025-05-04,M,ACC,Headwear,BN,비니,미야옹 이어플랩 비니,3ABNV0756,43BRP,49000,0,0,0,0,0,0,0,0
당해,2025-05-04,M,ACC,Headwear,BN,비니,미야옹 이어플랩 비니,3ABNV0756,50BKS,49000,0,0,0,0,0,0,0,0
당해,2025-05-04,M,ACC,Headwear,BN,비니,미야옹 이어플랩 비니,3ABNV0756,50CRS,49000,0,0,0,0,0,0,0,0
당해,2025-05-11,M,ACC,Headwear,BN,비니,크로셰 미야옹 비니,3ABNB0153,07BLM,39000,0,300,0,300,23,0,0,612
당해,2025-05-11,M,ACC,Headwear,BN,비니,크로셰 미야옹 비니,3ABNB0153,43IVS,39000,0,400,0,400,52,0,0,959
당해,2025-05-11,M,ACC,Headwear,BN,비니,크로셰 미야옹 비니,3ABNB0153,50BKS,39000,0,600,0,600,102,0,0,880
당해,2025-05-11,M,ACC,Headwear,BN,비니,크로셰 미야옹 비니,3ABNB0153,50PCL,39000,0,0,0,0,28,0,0,410
당해,2025-05-11,M,ACC,Headwear,BN,비니,플러시 미야옹 비니,3ABNB1146,07SBD,43000,0,0,0,0,0,0,0,40
당해,2025-05-11,M,ACC,Headwear,BN,비니,플러시 미야옹 비니,3ABNB1146,43LDL,43000,0,0,0,0,0,0,0,17
당해,2025-05-11,M,ACC,Headwear,BN,비니,플러시 미야옹 비니,3ABNB1146,50BKS,43000,0,0,0,0,0,0,0,76
당해,2025-05-11,M,ACC,Headwear,BN,비니,플러시 미야옹 비니,3ABNB1146,50CRS,43000,0,0,0,0,0,0,0,12
당해,2025-05-11,M,ACC,Headwear,BN,비니,플러시 미야옹 비니,3ABNB1156,07SBD,43000,0,0,0,0,0,0,0,0
당해,2025-05-11,M,ACC,Headwear,BN,비니,플러시 미야옹 비니,3ABNB1156,43LDL,43000,0,0,0,0,0,0,0,0
당해,2025-05-11,M,ACC,Headwear,BN,비니,플러시 미야옹 비니,3ABNB1156,43PKL,43000,0,0,0,0,0,0,0,0
당해,2025-05-11,M,ACC,Headwear,BN,비니,플러시 미야옹 비니,3ABNB1156,50BKS,43000,0,0,0,0,0,0,0,0
당해,2025-05-11,M,ACC,Headwear,BN,비니,플러시 미야옹 비니,3ABNB1156,50CRS,43000,0,0,0,0,0,0,0,0
당해,2025-05-11,M,ACC,Headwear,BN,비니,플러시 미야옹 비니,3ABNB1156,50NYS,43000,0,0,0,0,0,0,0,0
당해,2025-05-11,M,ACC,Headwear,BN,비니,미야옹 이어플랩 비니,3ABNV0756,07COS,49000,0,0,0,0,0,0,0,0
당해,2025-05-11,M,ACC,Headwear,BN,비니,미야옹 이어플랩 비니,3ABNV0756,43BRP,49000,0,0,0,0,0,0,0,0
당해,2025-05-11,M,ACC,Headwear,BN,비니,미야옹 이어플랩 비니,3ABNV0756,50BKS,49000,0,0,0,0,0,0,0,0
당해,2025-05-11,M,ACC,Headwear,BN,비니,미야옹 이어플랩 비니,3ABNV0756,50CRS,49000,0,0,0,0,0,0,0,0
당해,2025-05-18,M,ACC,Headwear,BN,비니,크로셰 미야옹 비니,3ABNB0153,07BLM,39000,0,0,0,0,34,0,0,578
당해,2025-05-18,M,ACC,Headwear,BN,비니,크로셰 미야옹 비니,3ABNB0153,43IVS,39000,0,0,0,0,63,0,0,896
당해,2025-05-18,M,ACC,Headwear,BN,비니,크로셰 미야옹 비니,3ABNB0153,50BKS,39000,0,0,0,0,159,0,0,721
당해,2025-05-18,M,ACC,Headwear,BN,비니,크로셰 미야옹 비니,3ABNB0153,50PCL,39000,0,0,0,0,30,0,0,380
당해,2025-05-18,M,ACC,Headwear,BN,비니,플러시 미야옹 비니,3ABNB1146,07SBD,43000,0,0,0,0,0,0,0,40
당해,2025-05-18,M,ACC,Headwear,BN,비니,플러시 미야옹 비니,3ABNB1146,43LDL,43000,0,0,0,0,0,0,0,17
당해,2025-05-18,M,ACC,Headwear,BN,비니,플러시 미야옹 비니,3ABNB1146,50BKS,43000,0,0,0,0,0,0,0,76
당해,2025-05-18,M,ACC,Headwear,BN,비니,플러시 미야옹 비니,3ABNB1146,50CRS,43000,0,0,0,0,0,1,0,12
당해,2025-05-18,M,ACC,Headwear,BN,비니,플러시 미야옹 비니,3ABNB1156,07SBD,43000,0,0,0,0,0,0,0,0
당해,2025-05-18,M,ACC,Headwear,BN,비니,플러시 미야옹 비니,3ABNB1156,43LDL,43000,0,0,0,0,0,0,0,0
당해,2025-05-18,M,ACC,Headwear,BN,비니,플러시 미야옹 비니,3ABNB1156,43PKL,43000,0,0,0,0,0,0,0,0
당해,2025-05-18,M,ACC,Headwear,BN,비니,플러시 미야옹 비니,3ABNB1156,50BKS,43000,0,0,0,0,0,0,0,0
당해,2025-05-18,M,ACC,Headwear,BN,비니,플러시 미야옹 비니,3ABNB1156,50CRS,43000,0,0,0,0,0,0,0,0
당해,2025-05-18,M,ACC,Headwear,BN,비니,플러시 미야옹 비니,3ABNB1156,50NYS,43000,0,0,0,0,0,0,0,0
당해,2025-05-18,M,ACC,Headwear,BN,비니,미야옹 이어플랩 비니,3ABNV0756,07COS,49000,0,0,0,0,0,0,0,0
당해,2025-05-18,M,ACC,Headwear,BN,비니,미야옹 이어플랩 비니,3ABNV0756,43BRP,49000,0,0,0,0,0,0,0,0
당해,2025-05-18,M,ACC,Headwear,BN,비니,미야옹 이어플랩 비니,3ABNV0756,50BKS,49000,0,0,0,0,0,0,0,0
당해,2025-05-18,M,ACC,Headwear,BN,비니,미야옹 이어플랩 비니,3ABNV0756,50CRS,49000,0,0,0,0,0,0,0,0
당해,2025-05-25,M,ACC,Headwear,BN,비니,크로셰 미야옹 비니,3ABNB0153,07BLM,39000,0,0,0,0,34,0,0,544
당해,2025-05-25,M,ACC,Headwear,BN,비니,크로셰 미야옹 비니,3ABNB0153,43IVS,39000,0,0,0,0,68,0,0,828
당해,2025-05-25,M,ACC,Headwear,BN,비니,크로셰 미야옹 비니,3ABNB0153,50BKS,39000,0,0,0,0,155,0,0,566
당해,2025-05-25,M,ACC,Headwear,BN,비니,크로셰 미야옹 비니,3ABNB0153,50PCL,39000,0,0,0,0,25,0,0,355
당해,2025-05-25,M,ACC,Headwear,BN,비니,플러시 미야옹 비니,3ABNB1146,07SBD,43000,0,0,0,0,0,0,0,40
당해,2025-05-25,M,ACC,Headwear,BN,비니,플러시 미야옹 비니,3ABNB1146,43LDL,43000,0,0,0,0,0,0,0,17
당해,2025-05-25,M,ACC,Headwear,BN,비니,플러시 미야옹 비니,3ABNB1146,50BKS,43000,0,0,0,0,0,1,0,76
당해,2025-05-25,M,ACC,Headwear,BN,비니,플러시 미야옹 비니,3ABNB1146,50CRS,43000,0,0,0,0,0,0,0,12
당해,2025-05-25,M,ACC,Headwear,BN,비니,플러시 미야옹 비니,3ABNB1156,07SBD,43000,0,0,0,0,0,0,0,0
당해,2025-05-25,M,ACC,Headwear,BN,비니,플러시 미야옹 비니,3ABNB1156,43LDL,43000,0,0,0,0,0,0,0,0
당해,2025-05-25,M,ACC,Headwear,BN,비니,플러시 미야옹 비니,3ABNB1156,43PKL,43000,0,0,0,0,0,0,0,0
당해,2025-05-25,M,ACC,Headwear,BN,비니,플러시 미야옹 비니,3ABNB1156,50BKS,43000,0,0,0,0,0,0,0,0
당해,2025-05-25,M,ACC,Headwear,BN,비니,플러시 미야옹 비니,3ABNB1156,50CRS,43000,0,0,0,0,0,0,0,0
당해,2025-05-25,M,ACC,Headwear,BN,비니,플러시 미야옹 비니,3ABNB1156,50NYS,43000,0,0,0,0,0,0,0,0
당해,2025-05-25,M,ACC,Headwear,BN,비니,미야옹 이어플랩 비니,3ABNV0756,07COS,49000,0,0,0,0,0,0,0,0
당해,2025-05-25,M,ACC,Headwear,BN,비니,미야옹 이어플랩 비니,3ABNV0756,43BRP,49000,0,0,0,0,0,0,0,0
당해,2025-05-25,M,ACC,Headwear,BN,비니,미야옹 이어플랩 비니,3ABNV0756,50BKS,49000,0,0,0,0,0,0,0,0
당해,2025-05-25,M,ACC,Headwear,BN,비니,미야옹 이어플랩 비니,3ABNV0756,50CRS,49000,0,0,0,0,0,0,0,0
당해,2025-06-01,M,ACC,Headwear,BN,비니,크로셰 미야옹 비니,3ABNB0153,07BLM,39000,0,0,0,0,68,0,0,476
당해,2025-06-01,M,ACC,Headwear,BN,비니,크로셰 미야옹 비니,3ABNB0153,43IVS,39000,0,0,0,0,81,0,0,747
당해,2025-06-01,M,ACC,Headwear,BN,비니,크로셰 미야옹 비니,3ABNB0153,50BKS,39000,0,0,0,0,126,0,0,440
당해,2025-06-01,M,ACC,Headwear,BN,비니,크로셰 미야옹 비니,3ABNB0153,50PCL,39000,0,0,0,0,34,0,0,321
당해,2025-06-01,M,ACC,Headwear,BN,비니,플러시 미야옹 비니,3ABNB1146,07SBD,43000,0,0,0,0,0,0,0,40
당해,2025-06-01,M,ACC,Headwear,BN,비니,플러시 미야옹 비니,3ABNB1146,43LDL,43000,0,0,0,0,0,0,0,17
당해,2025-06-01,M,ACC,Headwear,BN,비니,플러시 미야옹 비니,3ABNB1146,50BKS,43000,0,0,0,0,0,0,0,76
당해,2025-06-01,M,ACC,Headwear,BN,비니,플러시 미야옹 비니,3ABNB1146,50CRS,43000,0,0,0,0,0,1,0,12
당해,2025-06-01,M,ACC,Headwear,BN,비니,플러시 미야옹 비니,3ABNB1156,07SBD,43000,0,0,0,0,0,0,0,0
당해,2025-06-01,M,ACC,Headwear,BN,비니,플러시 미야옹 비니,3ABNB1156,43LDL,43000,0,0,0,0,0,0,0,0
당해,2025-06-01,M,ACC,Headwear,BN,비니,플러시 미야옹 비니,3ABNB1156,43PKL,43000,0,0,0,0,0,0,0,0
당해,2025-06-01,M,ACC,Headwear,BN,비니,플러시 미야옹 비니,3ABNB1156,50BKS,43000,0,0,0,0,0,0,0,0
당해,2025-06-01,M,ACC,Headwear,BN,비니,플러시 미야옹 비니,3ABNB1156,50CRS,43000,0,0,0,0,0,0,0,0
당해,2025-06-01,M,ACC,Headwear,BN,비니,플러시 미야옹 비니,3ABNB1156,50NYS,43000,0,0,0,0,0,0,0,0
당해,2025-06-01,M,ACC,Headwear,BN,비니,미야옹 이어플랩 비니,3ABNV0756,07COS,49000,0,0,0,0,0,0,0,0
당해,2025-06-01,M,ACC,Headwear,BN,비니,미야옹 이어플랩 비니,3ABNV0756,43BRP,49000,0,0,0,0,0,0,0,0
당해,2025-06-01,M,ACC,Headwear,BN,비니,미야옹 이어플랩 비니,3ABNV0756,50BKS,49000,0,0,0,0,0,0,0,0
당해,2025-06-01,M,ACC,Headwear,BN,비니,미야옹 이어플랩 비니,3ABNV0756,50CRS,49000,0,0,0,0,0,0,0,0
당해,2025-06-08,M,ACC,Headwear,BN,비니,크로셰 미야옹 비니,3ABNB0153,07BLM,39000,0,0,0,0,51,0,1,424
당해,2025-06-08,M,ACC,Headwear,BN,비니,크로셰 미야옹 비니,3ABNB0153,43IVS,39000,0,0,0,0,71,0,0,676
당해,2025-06-08,M,ACC,Headwear,BN,비니,크로셰 미야옹 비니,3ABNB0153,50BKS,39000,0,0,0,0,162,0,0,278
당해,2025-06-08,M,ACC,Headwear,BN,비니,크로셰 미야옹 비니,3ABNB0153,50PCL,39000,0,0,0,0,21,0,0,300
당해,2025-06-08,M,ACC,Headwear,BN,비니,플러시 미야옹 비니,3ABNB1146,07SBD,43000,0,0,0,0,0,0,0,40
당해,2025-06-08,M,ACC,Headwear,BN,비니,플러시 미야옹 비니,3ABNB1146,43LDL,43000,0,0,0,0,0,0,0,17
당해,2025-06-08,M,ACC,Headwear,BN,비니,플러시 미야옹 비니,3ABNB1146,50BKS,43000,0,0,0,0,0,1,0,76
당해,2025-06-08,M,ACC,Headwear,BN,비니,플러시 미야옹 비니,3ABNB1146,50CRS,43000,0,0,0,0,0,0,0,12
당해,2025-06-08,M,ACC,Headwear,BN,비니,플러시 미야옹 비니,3ABNB1156,07SBD,43000,0,0,0,0,0,0,0,0
당해,2025-06-08,M,ACC,Headwear,BN,비니,플러시 미야옹 비니,3ABNB1156,43LDL,43000,0,0,0,0,0,0,0,0
당해,2025-06-08,M,ACC,Headwear,BN,비니,플러시 미야옹 비니,3ABNB1156,43PKL,43000,0,0,0,0,0,0,0,0
당해,2025-06-08,M,ACC,Headwear,BN,비니,플러시 미야옹 비니,3ABNB1156,50BKS,43000,0,0,0,0,0,0,0,0
당해,2025-06-08,M,ACC,Headwear,BN,비니,플러시 미야옹 비니,3ABNB1156,50CRS,43000,0,0,0,0,0,0,0,0
당해,2025-06-08,M,ACC,Headwear,BN,비니,플러시 미야옹 비니,3ABNB1156,50NYS,43000,0,0,0,0,0,0,0,0
당해,2025-06-08,M,ACC,Headwear,BN,비니,미야옹 이어플랩 비니,3ABNV0756,07COS,49000,0,0,0,0,0,0,0,0
당해,2025-06-08,M,ACC,Headwear,BN,비니,미야옹 이어플랩 비니,3ABNV0756,43BRP,49000,0,0,0,0,0,0,0,0
당해,2025-06-08,M,ACC,Headwear,BN,비니,미야옹 이어플랩 비니,3ABNV0756,50BKS,49000,0,0,0,0,0,0,0,0
당해,2025-06-08,M,ACC,Headwear,BN,비니,미야옹 이어플랩 비니,3ABNV0756,50CRS,49000,0,0,0,0,0,0,0,0
당해,2025-06-15,M,ACC,Headwear,BN,비니,크로셰 미야옹 비니,3ABNB0153,07BLM,39000,0,0,0,0,76,0,0,348
당해,2025-06-15,M,ACC,Headwear,BN,비니,크로셰 미야옹 비니,3ABNB0153,43IVS,39000,0,0,0,0,68,0,1,607
당해,2025-06-15,M,ACC,Headwear,BN,비니,크로셰 미야옹 비니,3ABNB0153,50BKS,39000,0,0,0,0,92,0,0,186
당해,2025-06-15,M,ACC,Headwear,BN,비니,크로셰 미야옹 비니,3ABNB0153,50PCL,39000,0,0,0,0,31,0,0,269
당해,2025-06-15,M,ACC,Headwear,BN,비니,플러시 미야옹 비니,3ABNB1146,07SBD,43000,0,0,0,0,0,0,0,40
당해,2025-06-15,M,ACC,Headwear,BN,비니,플러시 미야옹 비니,3ABNB1146,43LDL,43000,0,0,0,0,0,0,0,17
당해,2025-06-15,M,ACC,Headwear,BN,비니,플러시 미야옹 비니,3ABNB1146,50BKS,43000,0,0,0,0,0,0,0,76
당해,2025-06-15,M,ACC,Headwear,BN,비니,플러시 미야옹 비니,3ABNB1146,50CRS,43000,0,0,0,0,0,0,0,12
당해,2025-06-15,M,ACC,Headwear,BN,비니,플러시 미야옹 비니,3ABNB1156,07SBD,43000,0,0,0,0,0,0,0,0
당해,2025-06-15,M,ACC,Headwear,BN,비니,플러시 미야옹 비니,3ABNB1156,43LDL,43000,0,0,0,0,0,0,0,0
당해,2025-06-15,M,ACC,Headwear,BN,비니,플러시 미야옹 비니,3ABNB1156,43PKL,43000,0,0,0,0,0,0,0,0
당해,2025-06-15,M,ACC,Headwear,BN,비니,플러시 미야옹 비니,3ABNB1156,50BKS,43000,0,0,0,0,0,0,0,0
당해,2025-06-15,M,ACC,Headwear,BN,비니,플러시 미야옹 비니,3ABNB1156,50CRS,43000,0,0,0,0,0,0,0,0
당해,2025-06-15,M,ACC,Headwear,BN,비니,플러시 미야옹 비니,3ABNB1156,50NYS,43000,0,0,0,0,0,0,0,0
당해,2025-06-15,M,ACC,Headwear,BN,비니,미야옹 이어플랩 비니,3ABNV0756,07COS,49000,0,0,0,0,0,0,0,0
당해,2025-06-15,M,ACC,Headwear,BN,비니,미야옹 이어플랩 비니,3ABNV0756,43BRP,49000,0,0,0,0,0,0,0,0
당해,2025-06-15,M,ACC,Headwear,BN,비니,미야옹 이어플랩 비니,3ABNV0756,50BKS,49000,0,0,0,0,0,0,0,0
당해,2025-06-15,M,ACC,Headwear,BN,비니,미야옹 이어플랩 비니,3ABNV0756,50CRS,49000,0,0,0,0,0,0,0,0
당해,2025-06-22,M,ACC,Headwear,BN,비니,크로셰 미야옹 비니,3ABNB0153,07BLM,39000,0,0,0,0,51,0,0,297
당해,2025-06-22,M,ACC,Headwear,BN,비니,크로셰 미야옹 비니,3ABNB0153,43IVS,39000,0,0,0,0,64,0,0,543
당해,2025-06-22,M,ACC,Headwear,BN,비니,크로셰 미야옹 비니,3ABNB0153,50BKS,39000,0,560,0,560,125,0,0,621
당해,2025-06-22,M,ACC,Headwear,BN,비니,크로셰 미야옹 비니,3ABNB0153,50PCL,39000,0,0,0,0,23,0,0,246
당해,2025-06-22,M,ACC,Headwear,BN,비니,플러시 미야옹 비니,3ABNB1146,07SBD,43000,0,0,0,0,0,0,0,40
당해,2025-06-22,M,ACC,Headwear,BN,비니,플러시 미야옹 비니,3ABNB1146,43LDL,43000,0,0,0,0,0,0,0,17
당해,2025-06-22,M,ACC,Headwear,BN,비니,플러시 미야옹 비니,3ABNB1146,50BKS,43000,0,0,0,0,0,0,0,76
당해,2025-06-22,M,ACC,Headwear,BN,비니,플러시 미야옹 비니,3ABNB1146,50CRS,43000,0,0,0,0,0,0,0,12
당해,2025-06-22,M,ACC,Headwear,BN,비니,플러시 미야옹 비니,3ABNB1156,07SBD,43000,0,0,0,0,0,0,0,0
당해,2025-06-22,M,ACC,Headwear,BN,비니,플러시 미야옹 비니,3ABNB1156,43LDL,43000,0,0,0,0,0,0,0,0
당해,2025-06-22,M,ACC,Headwear,BN,비니,플러시 미야옹 비니,3ABNB1156,43PKL,43000,0,0,0,0,0,0,0,0
당해,2025-06-22,M,ACC,Headwear,BN,비니,플러시 미야옹 비니,3ABNB1156,50BKS,43000,0,0,0,0,0,0,0,0
당해,2025-06-22,M,ACC,Headwear,BN,비니,플러시 미야옹 비니,3ABNB1156,50CRS,43000,0,0,0,0,0,0,0,0
당해,2025-06-22,M,ACC,Headwear,BN,비니,플러시 미야옹 비니,3ABNB1156,50NYS,43000,0,0,0,0,0,0,0,0
당해,2025-06-22,M,ACC,Headwear,BN,비니,미야옹 이어플랩 비니,3ABNV0756,07COS,49000,0,0,0,0,0,0,0,0
당해,2025-06-22,M,ACC,Headwear,BN,비니,미야옹 이어플랩 비니,3ABNV0756,43BRP,49000,0,0,0,0,0,0,0,0
당해,2025-06-22,M,ACC,Headwear,BN,비니,미야옹 이어플랩 비니,3ABNV0756,50BKS,49000,0,0,0,0,0,0,0,0
당해,2025-06-22,M,ACC,Headwear,BN,비니,미야옹 이어플랩 비니,3ABNV0756,50CRS,49000,0,0,0,0,0,0,0,0
당해,2025-06-29,M,ACC,Headwear,BN,비니,크로셰 미야옹 비니,3ABNB0153,07BLM,39000,0,0,0,0,30,0,0,267
당해,2025-06-29,M,ACC,Headwear,BN,비니,크로셰 미야옹 비니,3ABNB0153,43IVS,39000,0,0,0,0,44,0,0,499
당해,2025-06-29,M,ACC,Headwear,BN,비니,크로셰 미야옹 비니,3ABNB0153,50BKS,39000,0,940,0,940,209,0,0,1352
당해,2025-06-29,M,ACC,Headwear,BN,비니,크로셰 미야옹 비니,3ABNB0153,50PCL,39000,0,0,0,0,31,0,0,215
당해,2025-06-29,M,ACC,Headwear,BN,비니,플러시 미야옹 비니,3ABNB1146,07SBD,43000,0,0,0,0,0,0,0,40
당해,2025-06-29,M,ACC,Headwear,BN,비니,플러시 미야옹 비니,3ABNB1146,43LDL,43000,0,0,0,0,0,0,0,17
당해,2025-06-29,M,ACC,Headwear,BN,비니,플러시 미야옹 비니,3ABNB1146,50BKS,43000,0,0,0,0,0,0,0,76
당해,2025-06-29,M,ACC,Headwear,BN,비니,플러시 미야옹 비니,3ABNB1146,50CRS,43000,0,0,0,0,0,0,0,12
당해,2025-06-29,M,ACC,Headwear,BN,비니,플러시 미야옹 비니,3ABNB1156,07SBD,43000,0,0,0,0,0,0,0,0
당해,2025-06-29,M,ACC,Headwear,BN,비니,플러시 미야옹 비니,3ABNB1156,43LDL,43000,0,0,0,0,0,0,0,0
당해,2025-06-29,M,ACC,Headwear,BN,비니,플러시 미야옹 비니,3ABNB1156,43PKL,43000,0,0,0,0,0,0,0,0
당해,2025-06-29,M,ACC,Headwear,BN,비니,플러시 미야옹 비니,3ABNB1156,50BKS,43000,0,0,0,0,0,0,0,0
당해,2025-06-29,M,ACC,Headwear,BN,비니,플러시 미야옹 비니,3ABNB1156,50CRS,43000,0,0,0,0,0,0,0,0
당해,2025-06-29,M,ACC,Headwear,BN,비니,플러시 미야옹 비니,3ABNB1156,50NYS,43000,0,0,0,0,0,0,0,0
당해,2025-06-29,M,ACC,Headwear,BN,비니,미야옹 이어플랩 비니,3ABNV0756,07COS,49000,0,0,0,0,0,0,0,0
당해,2025-06-29,M,ACC,Headwear,BN,비니,미야옹 이어플랩 비니,3ABNV0756,43BRP,49000,0,0,0,0,0,0,0,0
당해,2025-06-29,M,ACC,Headwear,BN,비니,미야옹 이어플랩 비니,3ABNV0756,50BKS,49000,0,0,0,0,0,0,0,0
당해,2025-06-29,M,ACC,Headwear,BN,비니,미야옹 이어플랩 비니,3ABNV0756,50CRS,49000,0,0,0,0,0,0,0,0
당해,2025-07-06,M,ACC,Headwear,BN,비니,크로셰 미야옹 비니,3ABNB0153,07BLM,39000,0,0,0,0,25,0,0,242
당해,2025-07-06,M,ACC,Headwear,BN,비니,크로셰 미야옹 비니,3ABNB0153,43IVS,39000,0,0,0,0,64,0,0,435
당해,2025-07-06,M,ACC,Headwear,BN,비니,크로셰 미야옹 비니,3ABNB0153,50BKS,39000,0,0,0,0,199,0,0,1153
당해,2025-07-06,M,ACC,Headwear,BN,비니,크로셰 미야옹 비니,3ABNB0153,50PCL,39000,0,0,0,0,29,0,0,186
당해,2025-07-06,M,ACC,Headwear,BN,비니,플러시 미야옹 비니,3ABNB1146,07SBD,43000,0,0,0,0,0,0,0,40
당해,2025-07-06,M,ACC,Headwear,BN,비니,플러시 미야옹 비니,3ABNB1146,43LDL,43000,0,0,0,0,0,0,0,17
당해,2025-07-06,M,ACC,Headwear,BN,비니,플러시 미야옹 비니,3ABNB1146,50BKS,43000,0,0,0,0,0,0,0,76
당해,2025-07-06,M,ACC,Headwear,BN,비니,플러시 미야옹 비니,3ABNB1146,50CRS,43000,0,0,0,0,0,0,0,12
당해,2025-07-06,M,ACC,Headwear,BN,비니,플러시 미야옹 비니,3ABNB1156,07SBD,43000,0,0,0,0,0,0,0,0
당해,2025-07-06,M,ACC,Headwear,BN,비니,플러시 미야옹 비니,3ABNB1156,43LDL,43000,0,0,0,0,0,0,0,0
당해,2025-07-06,M,ACC,Headwear,BN,비니,플러시 미야옹 비니,3ABNB1156,43PKL,43000,0,0,0,0,0,0,0,0
당해,2025-07-06,M,ACC,Headwear,BN,비니,플러시 미야옹 비니,3ABNB1156,50BKS,43000,0,0,0,0,0,0,0,0
당해,2025-07-06,M,ACC,Headwear,BN,비니,플러시 미야옹 비니,3ABNB1156,50CRS,43000,0,0,0,0,0,0,0,0
당해,2025-07-06,M,ACC,Headwear,BN,비니,플러시 미야옹 비니,3ABNB1156,50NYS,43000,0,0,0,0,0,0,0,0
당해,2025-07-06,M,ACC,Headwear,BN,비니,미야옹 이어플랩 비니,3ABNV0756,07COS,49000,0,0,0,0,0,0,0,0
당해,2025-07-06,M,ACC,Headwear,BN,비니,미야옹 이어플랩 비니,3ABNV0756,43BRP,49000,0,0,0,0,0,0,0,0
당해,2025-07-06,M,ACC,Headwear,BN,비니,미야옹 이어플랩 비니,3ABNV0756,50BKS,49000,0,0,0,0,0,0,0,0
당해,2025-07-06,M,ACC,Headwear,BN,비니,미야옹 이어플랩 비니,3ABNV0756,50CRS,49000,0,0,0,0,0,0,0,0
당해,2025-07-13,M,ACC,Headwear,BN,비니,크로셰 미야옹 비니,3ABNB0153,07BLM,39000,0,0,0,0,26,0,0,216
당해,2025-07-13,M,ACC,Headwear,BN,비니,크로셰 미야옹 비니,3ABNB0153,43IVS,39000,0,0,0,0,38,0,0,397
당해,2025-07-13,M,ACC,Headwear,BN,비니,크로셰 미야옹 비니,3ABNB0153,50BKS,39000,0,0,0,0,294,0,0,859
당해,2025-07-13,M,ACC,Headwear,BN,비니,크로셰 미야옹 비니,3ABNB0153,50PCL,39000,0,0,0,0,22,0,0,164
당해,2025-07-13,M,ACC,Headwear,BN,비니,플러시 미야옹 비니,3ABNB1146,07SBD,43000,0,0,0,0,0,0,0,40
당해,2025-07-13,M,ACC,Headwear,BN,비니,플러시 미야옹 비니,3ABNB1146,43LDL,43000,0,0,0,0,0,0,0,17
당해,2025-07-13,M,ACC,Headwear,BN,비니,플러시 미야옹 비니,3ABNB1146,50BKS,43000,0,0,0,0,0,0,0,76
당해,2025-07-13,M,ACC,Headwear,BN,비니,플러시 미야옹 비니,3ABNB1146,50CRS,43000,0,0,0,0,0,0,0,12
당해,2025-07-13,M,ACC,Headwear,BN,비니,플러시 미야옹 비니,3ABNB1156,07SBD,43000,0,1500,0,1500,0,0,0,1500
당해,2025-07-13,M,ACC,Headwear,BN,비니,플러시 미야옹 비니,3ABNB1156,43LDL,43000,0,0,0,0,0,0,0,0
당해,2025-07-13,M,ACC,Headwear,BN,비니,플러시 미야옹 비니,3ABNB1156,43PKL,43000,0,1500,0,1500,0,0,0,1500
당해,2025-07-13,M,ACC,Headwear,BN,비니,플러시 미야옹 비니,3ABNB1156,50BKS,43000,0,4000,0,4000,0,0,0,4000
당해,2025-07-13,M,ACC,Headwear,BN,비니,플러시 미야옹 비니,3ABNB1156,50CRS,43000,0,3000,0,3000,0,0,0,3000
당해,2025-07-13,M,ACC,Headwear,BN,비니,플러시 미야옹 비니,3ABNB1156,50NYS,43000,0,2000,0,2000,0,0,0,2000
당해,2025-07-13,M,ACC,Headwear,BN,비니,미야옹 이어플랩 비니,3ABNV0756,07COS,49000,0,0,0,0,0,0,0,0
당해,2025-07-13,M,ACC,Headwear,BN,비니,미야옹 이어플랩 비니,3ABNV0756,43BRP,49000,0,0,0,0,0,0,0,0
당해,2025-07-13,M,ACC,Headwear,BN,비니,미야옹 이어플랩 비니,3ABNV0756,50BKS,49000,0,0,0,0,0,0,0,0
당해,2025-07-13,M,ACC,Headwear,BN,비니,미야옹 이어플랩 비니,3ABNV0756,50CRS,49000,0,0,0,0,0,0,0,0
당해,2025-07-20,M,ACC,Headwear,BN,비니,크로셰 미야옹 비니,3ABNB0153,07BLM,39000,0,0,0,0,46,0,0,170
당해,2025-07-20,M,ACC,Headwear,BN,비니,크로셰 미야옹 비니,3ABNB0153,43IVS,39000,0,0,0,0,54,0,0,343
당해,2025-07-20,M,ACC,Headwear,BN,비니,크로셰 미야옹 비니,3ABNB0153,50BKS,39000,0,0,0,0,276,0,0,583
당해,2025-07-20,M,ACC,Headwear,BN,비니,크로셰 미야옹 비니,3ABNB0153,50PCL,39000,0,0,0,0,28,0,0,136
당해,2025-07-20,M,ACC,Headwear,BN,비니,플러시 미야옹 비니,3ABNB1146,07SBD,43000,0,0,0,0,0,0,0,40
당해,2025-07-20,M,ACC,Headwear,BN,비니,플러시 미야옹 비니,3ABNB1146,43LDL,43000,0,0,0,0,0,0,0,17
당해,2025-07-20,M,ACC,Headwear,BN,비니,플러시 미야옹 비니,3ABNB1146,50BKS,43000,0,0,0,0,0,0,0,76
당해,2025-07-20,M,ACC,Headwear,BN,비니,플러시 미야옹 비니,3ABNB1146,50CRS,43000,0,0,0,0,0,0,0,12
당해,2025-07-20,M,ACC,Headwear,BN,비니,플러시 미야옹 비니,3ABNB1156,07SBD,43000,0,0,0,0,0,0,0,1500
당해,2025-07-20,M,ACC,Headwear,BN,비니,플러시 미야옹 비니,3ABNB1156,43LDL,43000,0,0,0,0,0,0,0,0
당해,2025-07-20,M,ACC,Headwear,BN,비니,플러시 미야옹 비니,3ABNB1156,43PKL,43000,0,0,0,0,0,0,0,1500
당해,2025-07-20,M,ACC,Headwear,BN,비니,플러시 미야옹 비니,3ABNB1156,50BKS,43000,0,0,0,0,0,0,0,4000
당해,2025-07-20,M,ACC,Headwear,BN,비니,플러시 미야옹 비니,3ABNB1156,50CRS,43000,0,0,0,0,0,0,0,3000
당해,2025-07-20,M,ACC,Headwear,BN,비니,플러시 미야옹 비니,3ABNB1156,50NYS,43000,0,0,0,0,0,0,0,2000
당해,2025-07-20,M,ACC,Headwear,BN,비니,미야옹 이어플랩 비니,3ABNV0756,07COS,49000,0,0,0,0,0,0,0,0
당해,2025-07-20,M,ACC,Headwear,BN,비니,미야옹 이어플랩 비니,3ABNV0756,43BRP,49000,0,0,0,0,0,0,0,0
당해,2025-07-20,M,ACC,Headwear,BN,비니,미야옹 이어플랩 비니,3ABNV0756,50BKS,49000,0,0,0,0,0,0,0,0
당해,2025-07-20,M,ACC,Headwear,BN,비니,미야옹 이어플랩 비니,3ABNV0756,50CRS,49000,0,0,0,0,0,0,0,0
당해,2025-07-27,M,ACC,Headwear,BN,비니,크로셰 미야옹 비니,3ABNB0153,07BLM,39000,0,0,0,0,25,0,0,145
당해,2025-07-27,M,ACC,Headwear,BN,비니,크로셰 미야옹 비니,3ABNB0153,43IVS,39000,0,0,0,0,58,0,0,285
당해,2025-07-27,M,ACC,Headwear,BN,비니,크로셰 미야옹 비니,3ABNB0153,50BKS,39000,0,0,0,0,166,0,0,417
당해,2025-07-27,M,ACC,Headwear,BN,비니,크로셰 미야옹 비니,3ABNB0153,50PCL,39000,0,0,0,0,14,0,0,122
당해,2025-07-27,M,ACC,Headwear,BN,비니,플러시 미야옹 비니,3ABNB1146,07SBD,43000,0,0,0,0,0,0,0,40
당해,2025-07-27,M,ACC,Headwear,BN,비니,플러시 미야옹 비니,3ABNB1146,43LDL,43000,0,0,0,0,0,0,0,17
당해,2025-07-27,M,ACC,Headwear,BN,비니,플러시 미야옹 비니,3ABNB1146,50BKS,43000,0,0,0,0,0,0,0,76
당해,2025-07-27,M,ACC,Headwear,BN,비니,플러시 미야옹 비니,3ABNB1146,50CRS,43000,0,0,0,0,0,0,0,12
당해,2025-07-27,M,ACC,Headwear,BN,비니,플러시 미야옹 비니,3ABNB1156,07SBD,43000,0,0,0,0,0,0,0,1500
당해,2025-07-27,M,ACC,Headwear,BN,비니,플러시 미야옹 비니,3ABNB1156,43LDL,43000,0,0,0,0,0,0,0,0
당해,2025-07-27,M,ACC,Headwear,BN,비니,플러시 미야옹 비니,3ABNB1156,43PKL,43000,0,0,0,0,0,0,0,1500
당해,2025-07-27,M,ACC,Headwear,BN,비니,플러시 미야옹 비니,3ABNB1156,50BKS,43000,0,0,0,0,0,1,0,4000
당해,2025-07-27,M,ACC,Headwear,BN,비니,플러시 미야옹 비니,3ABNB1156,50CRS,43000,0,0,0,0,0,4,0,3000
당해,2025-07-27,M,ACC,Headwear,BN,비니,플러시 미야옹 비니,3ABNB1156,50NYS,43000,0,0,0,0,0,0,0,2000
당해,2025-07-27,M,ACC,Headwear,BN,비니,미야옹 이어플랩 비니,3ABNV0756,07COS,49000,0,0,0,0,0,0,0,0
당해,2025-07-27,M,ACC,Headwear,BN,비니,미야옹 이어플랩 비니,3ABNV0756,43BRP,49000,0,0,0,0,0,0,0,0
당해,2025-07-27,M,ACC,Headwear,BN,비니,미야옹 이어플랩 비니,3ABNV0756,50BKS,49000,0,0,0,0,0,0,0,0
당해,2025-07-27,M,ACC,Headwear,BN,비니,미야옹 이어플랩 비니,3ABNV0756,50CRS,49000,0,0,0,0,0,0,0,0
당해,2025-08-03,M,ACC,Headwear,BN,비니,크로셰 미야옹 비니,3ABNB0153,07BLM,39000,0,0,0,0,32,0,0,113
당해,2025-08-03,M,ACC,Headwear,BN,비니,크로셰 미야옹 비니,3ABNB0153,43IVS,39000,0,0,0,0,34,0,0,251
당해,2025-08-03,M,ACC,Headwear,BN,비니,크로셰 미야옹 비니,3ABNB0153,50BKS,39000,0,0,0,0,135,0,0,282
당해,2025-08-03,M,ACC,Headwear,BN,비니,크로셰 미야옹 비니,3ABNB0153,50PCL,39000,0,0,0,0,26,0,0,96
당해,2025-08-03,M,ACC,Headwear,BN,비니,플러시 미야옹 비니,3ABNB1146,07SBD,43000,0,0,0,0,0,0,0,40
당해,2025-08-03,M,ACC,Headwear,BN,비니,플러시 미야옹 비니,3ABNB1146,43LDL,43000,0,0,0,0,0,0,0,17
당해,2025-08-03,M,ACC,Headwear,BN,비니,플러시 미야옹 비니,3ABNB1146,50BKS,43000,0,0,0,0,0,0,0,76
당해,2025-08-03,M,ACC,Headwear,BN,비니,플러시 미야옹 비니,3ABNB1146,50CRS,43000,0,0,0,0,0,0,0,12
당해,2025-08-03,M,ACC,Headwear,BN,비니,플러시 미야옹 비니,3ABNB1156,07SBD,43000,1000,0,1000,0,0,0,0,1500
당해,2025-08-03,M,ACC,Headwear,BN,비니,플러시 미야옹 비니,3ABNB1156,43LDL,43000,0,0,0,0,0,0,0,0
당해,2025-08-03,M,ACC,Headwear,BN,비니,플러시 미야옹 비니,3ABNB1156,43PKL,43000,2000,0,2000,0,0,0,0,1500
당해,2025-08-03,M,ACC,Headwear,BN,비니,플러시 미야옹 비니,3ABNB1156,50BKS,43000,5000,0,5000,0,0,0,0,4000
당해,2025-08-03,M,ACC,Headwear,BN,비니,플러시 미야옹 비니,3ABNB1156,50CRS,43000,2000,0,2000,0,0,2,0,3000
당해,2025-08-03,M,ACC,Headwear,BN,비니,플러시 미야옹 비니,3ABNB1156,50NYS,43000,0,0,0,0,0,0,0,2000
당해,2025-08-03,M,ACC,Headwear,BN,비니,미야옹 이어플랩 비니,3ABNV0756,07COS,49000,0,0,0,0,0,0,0,0
당해,2025-08-03,M,ACC,Headwear,BN,비니,미야옹 이어플랩 비니,3ABNV0756,43BRP,49000,0,0,0,0,0,0,0,0
당해,2025-08-03,M,ACC,Headwear,BN,비니,미야옹 이어플랩 비니,3ABNV0756,50BKS,49000,0,0,0,0,0,0,0,0
당해,2025-08-03,M,ACC,Headwear,BN,비니,미야옹 이어플랩 비니,3ABNV0756,50CRS,49000,0,0,0,0,0,0,0,0
당해,2025-08-10,M,ACC,Headwear,BN,비니,크로셰 미야옹 비니,3ABNB0153,07BLM,39000,90,0,0,0,26,0,0,87
당해,2025-08-10,M,ACC,Headwear,BN,비니,크로셰 미야옹 비니,3ABNB0153,43IVS,39000,120,0,0,0,29,0,0,222
당해,2025-08-10,M,ACC,Headwear,BN,비니,크로셰 미야옹 비니,3ABNB0153,50BKS,39000,120,0,0,0,77,0,0,205
당해,2025-08-10,M,ACC,Headwear,BN,비니,크로셰 미야옹 비니,3ABNB0153,50PCL,39000,0,0,0,0,12,0,0,84
당해,2025-08-10,M,ACC,Headwear,BN,비니,플러시 미야옹 비니,3ABNB1146,07SBD,43000,0,0,0,0,0,0,0,40
당해,2025-08-10,M,ACC,Headwear,BN,비니,플러시 미야옹 비니,3ABNB1146,43LDL,43000,0,0,0,0,0,0,0,17
당해,2025-08-10,M,ACC,Headwear,BN,비니,플러시 미야옹 비니,3ABNB1146,50BKS,43000,0,0,0,0,0,0,0,76
당해,2025-08-10,M,ACC,Headwear,BN,비니,플러시 미야옹 비니,3ABNB1146,50CRS,43000,0,0,0,0,0,0,0,12
당해,2025-08-10,M,ACC,Headwear,BN,비니,플러시 미야옹 비니,3ABNB1156,07SBD,43000,0,0,0,0,0,2,0,1500
당해,2025-08-10,M,ACC,Headwear,BN,비니,플러시 미야옹 비니,3ABNB1156,43LDL,43000,0,0,0,0,0,1,0,0
당해,2025-08-10,M,ACC,Headwear,BN,비니,플러시 미야옹 비니,3ABNB1156,43PKL,43000,100,0,0,0,0,1,0,1500
당해,2025-08-10,M,ACC,Headwear,BN,비니,플러시 미야옹 비니,3ABNB1156,50BKS,43000,710,0,0,0,0,4,0,4000
당해,2025-08-10,M,ACC,Headwear,BN,비니,플러시 미야옹 비니,3ABNB1156,50CRS,43000,100,0,0,0,0,4,0,3000
당해,2025-08-10,M,ACC,Headwear,BN,비니,플러시 미야옹 비니,3ABNB1156,50NYS,43000,0,0,0,0,0,0,0,2000
당해,2025-08-10,M,ACC,Headwear,BN,비니,미야옹 이어플랩 비니,3ABNV0756,07COS,49000,0,0,0,0,0,0,0,0
당해,2025-08-10,M,ACC,Headwear,BN,비니,미야옹 이어플랩 비니,3ABNV0756,43BRP,49000,0,0,0,0,0,0,0,0
당해,2025-08-10,M,ACC,Headwear,BN,비니,미야옹 이어플랩 비니,3ABNV0756,50BKS,49000,0,0,0,0,0,0,0,0
당해,2025-08-10,M,ACC,Headwear,BN,비니,미야옹 이어플랩 비니,3ABNV0756,50CRS,49000,0,0,0,0,0,0,0,0
당해,2025-08-17,M,ACC,Headwear,BN,비니,크로셰 미야옹 비니,3ABNB0153,07BLM,39000,0,0,0,0,15,0,0,72
당해,2025-08-17,M,ACC,Headwear,BN,비니,크로셰 미야옹 비니,3ABNB0153,43IVS,39000,0,0,0,0,24,0,0,198
당해,2025-08-17,M,ACC,Headwear,BN,비니,크로셰 미야옹 비니,3ABNB0153,50BKS,39000,0,0,0,0,39,0,0,166
당해,2025-08-17,M,ACC,Headwear,BN,비니,크로셰 미야옹 비니,3ABNB0153,50PCL,39000,0,0,0,0,9,0,0,75
당해,2025-08-17,M,ACC,Headwear,BN,비니,플러시 미야옹 비니,3ABNB1146,07SBD,43000,0,0,0,0,0,0,18,22
당해,2025-08-17,M,ACC,Headwear,BN,비니,플러시 미야옹 비니,3ABNB1146,43LDL,43000,0,0,0,0,0,0,5,12
당해,2025-08-17,M,ACC,Headwear,BN,비니,플러시 미야옹 비니,3ABNB1146,50BKS,43000,0,0,0,0,0,0,40,36
당해,2025-08-17,M,ACC,Headwear,BN,비니,플러시 미야옹 비니,3ABNB1146,50CRS,43000,0,0,0,0,0,0,3,9
당해,2025-08-17,M,ACC,Headwear,BN,비니,플러시 미야옹 비니,3ABNB1156,07SBD,43000,0,0,0,0,0,7,0,1500
당해,2025-08-17,M,ACC,Headwear,BN,비니,플러시 미야옹 비니,3ABNB1156,43LDL,43000,0,0,0,0,0,1,0,0
당해,2025-08-17,M,ACC,Headwear,BN,비니,플러시 미야옹 비니,3ABNB1156,43PKL,43000,0,0,0,0,0,3,0,1500
당해,2025-08-17,M,ACC,Headwear,BN,비니,플러시 미야옹 비니,3ABNB1156,50BKS,43000,0,0,0,0,0,4,0,4000
당해,2025-08-17,M,ACC,Headwear,BN,비니,플러시 미야옹 비니,3ABNB1156,50CRS,43000,0,0,0,0,0,5,0,3000
당해,2025-08-17,M,ACC,Headwear,BN,비니,플러시 미야옹 비니,3ABNB1156,50NYS,43000,0,0,0,0,0,1,0,2000
당해,2025-08-17,M,ACC,Headwear,BN,비니,미야옹 이어플랩 비니,3ABNV0756,07COS,49000,0,0,0,0,0,0,0,0
당해,2025-08-17,M,ACC,Headwear,BN,비니,미야옹 이어플랩 비니,3ABNV0756,43BRP,49000,0,0,0,0,0,0,0,0
당해,2025-08-17,M,ACC,Headwear,BN,비니,미야옹 이어플랩 비니,3ABNV0756,50BKS,49000,0,0,0,0,0,0,0,0
당해,2025-08-17,M,ACC,Headwear,BN,비니,미야옹 이어플랩 비니,3ABNV0756,50CRS,49000,0,0,0,0,0,0,0,0
당해,2025-08-24,M,ACC,Headwear,BN,비니,크로셰 미야옹 비니,3ABNB0153,07BLM,39000,0,0,0,0,9,0,0,63
당해,2025-08-24,M,ACC,Headwear,BN,비니,크로셰 미야옹 비니,3ABNB0153,43IVS,39000,0,0,0,0,12,0,0,186
당해,2025-08-24,M,ACC,Headwear,BN,비니,크로셰 미야옹 비니,3ABNB0153,50BKS,39000,0,0,0,0,48,0,0,118
당해,2025-08-24,M,ACC,Headwear,BN,비니,크로셰 미야옹 비니,3ABNB0153,50PCL,39000,0,0,0,0,9,0,0,66
당해,2025-08-24,M,ACC,Headwear,BN,비니,플러시 미야옹 비니,3ABNB1146,07SBD,43000,0,0,0,0,0,1,3,19
당해,2025-08-24,M,ACC,Headwear,BN,비니,플러시 미야옹 비니,3ABNB1146,43LDL,43000,0,0,0,0,0,0,1,11
당해,2025-08-24,M,ACC,Headwear,BN,비니,플러시 미야옹 비니,3ABNB1146,50BKS,43000,0,0,0,0,0,0,6,30
당해,2025-08-24,M,ACC,Headwear,BN,비니,플러시 미야옹 비니,3ABNB1146,50CRS,43000,0,0,0,0,0,0,1,8
당해,2025-08-24,M,ACC,Headwear,BN,비니,플러시 미야옹 비니,3ABNB1156,07SBD,43000,0,0,0,0,0,6,0,1500
당해,2025-08-24,M,ACC,Headwear,BN,비니,플러시 미야옹 비니,3ABNB1156,43LDL,43000,0,0,0,0,0,1,0,0
당해,2025-08-24,M,ACC,Headwear,BN,비니,플러시 미야옹 비니,3ABNB1156,43PKL,43000,0,0,0,0,0,2,0,1500
당해,2025-08-24,M,ACC,Headwear,BN,비니,플러시 미야옹 비니,3ABNB1156,50BKS,43000,0,0,0,0,0,4,0,4000
당해,2025-08-24,M,ACC,Headwear,BN,비니,플러시 미야옹 비니,3ABNB1156,50CRS,43000,0,0,0,0,0,6,0,3000
당해,2025-08-24,M,ACC,Headwear,BN,비니,플러시 미야옹 비니,3ABNB1156,50NYS,43000,0,0,0,0,0,2,0,2000
당해,2025-08-24,M,ACC,Headwear,BN,비니,미야옹 이어플랩 비니,3ABNV0756,07COS,49000,0,0,0,0,0,0,0,0
당해,2025-08-24,M,ACC,Headwear,BN,비니,미야옹 이어플랩 비니,3ABNV0756,43BRP,49000,0,0,0,0,0,0,0,0
당해,2025-08-24,M,ACC,Headwear,BN,비니,미야옹 이어플랩 비니,3ABNV0756,50BKS,49000,0,0,0,0,0,0,0,0
당해,2025-08-24,M,ACC,Headwear,BN,비니,미야옹 이어플랩 비니,3ABNV0756,50CRS,49000,0,0,0,0,0,0,0,0
당해,2025-08-31,M,ACC,Headwear,BN,비니,크로셰 미야옹 비니,3ABNB0153,07BLM,39000,0,0,0,0,7,0,0,56
당해,2025-08-31,M,ACC,Headwear,BN,비니,크로셰 미야옹 비니,3ABNB0153,43IVS,39000,0,0,0,0,20,0,0,166
당해,2025-08-31,M,ACC,Headwear,BN,비니,크로셰 미야옹 비니,3ABNB0153,50BKS,39000,0,0,0,0,31,0,0,87
당해,2025-08-31,M,ACC,Headwear,BN,비니,크로셰 미야옹 비니,3ABNB0153,50PCL,39000,0,0,0,0,8,0,0,58
당해,2025-08-31,M,ACC,Headwear,BN,비니,플러시 미야옹 비니,3ABNB1146,07SBD,43000,0,0,0,0,0,0,1,18
당해,2025-08-31,M,ACC,Headwear,BN,비니,플러시 미야옹 비니,3ABNB1146,43LDL,43000,0,0,0,0,0,1,0,11
당해,2025-08-31,M,ACC,Headwear,BN,비니,플러시 미야옹 비니,3ABNB1146,50BKS,43000,0,0,0,0,0,0,1,29
당해,2025-08-31,M,ACC,Headwear,BN,비니,플러시 미야옹 비니,3ABNB1146,50CRS,43000,0,0,0,0,0,0,0,8
당해,2025-08-31,M,ACC,Headwear,BN,비니,플러시 미야옹 비니,3ABNB1156,07SBD,43000,0,0,0,0,0,11,0,1500
당해,2025-08-31,M,ACC,Headwear,BN,비니,플러시 미야옹 비니,3ABNB1156,43LDL,43000,0,0,0,0,0,3,0,0
당해,2025-08-31,M,ACC,Headwear,BN,비니,플러시 미야옹 비니,3ABNB1156,43PKL,43000,0,0,0,0,0,1,0,1500
당해,2025-08-31,M,ACC,Headwear,BN,비니,플러시 미야옹 비니,3ABNB1156,50BKS,43000,0,0,0,0,0,4,0,4000
당해,2025-08-31,M,ACC,Headwear,BN,비니,플러시 미야옹 비니,3ABNB1156,50CRS,43000,0,0,0,0,0,11,0,3000
당해,2025-08-31,M,ACC,Headwear,BN,비니,플러시 미야옹 비니,3ABNB1156,50NYS,43000,0,0,0,0,0,1,0,2000
당해,2025-08-31,M,ACC,Headwear,BN,비니,미야옹 이어플랩 비니,3ABNV0756,07COS,49000,0,0,0,0,0,0,0,0
당해,2025-08-31,M,ACC,Headwear,BN,비니,미야옹 이어플랩 비니,3ABNV0756,43BRP,49000,0,0,0,0,0,0,0,0
당해,2025-08-31,M,ACC,Headwear,BN,비니,미야옹 이어플랩 비니,3ABNV0756,50BKS,49000,0,0,0,0,0,0,0,0
당해,2025-08-31,M,ACC,Headwear,BN,비니,미야옹 이어플랩 비니,3ABNV0756,50CRS,49000,0,0,0,0,0,0,0,0
당해,2025-09-07,M,ACC,Headwear,BN,비니,크로셰 미야옹 비니,3ABNB0153,07BLM,39000,0,0,0,0,5,0,0,51
당해,2025-09-07,M,ACC,Headwear,BN,비니,크로셰 미야옹 비니,3ABNB0153,43IVS,39000,0,0,0,0,5,0,0,161
당해,2025-09-07,M,ACC,Headwear,BN,비니,크로셰 미야옹 비니,3ABNB0153,50BKS,39000,0,0,0,0,19,0,1,67
당해,2025-09-07,M,ACC,Headwear,BN,비니,크로셰 미야옹 비니,3ABNB0153,50PCL,39000,0,0,0,0,6,0,0,52
당해,2025-09-07,M,ACC,Headwear,BN,비니,플러시 미야옹 비니,3ABNB1146,07SBD,43000,0,0,0,0,0,0,0,18
당해,2025-09-07,M,ACC,Headwear,BN,비니,플러시 미야옹 비니,3ABNB1146,43LDL,43000,0,0,0,0,0,0,0,11
당해,2025-09-07,M,ACC,Headwear,BN,비니,플러시 미야옹 비니,3ABNB1146,50BKS,43000,0,0,0,0,0,0,0,29
당해,2025-09-07,M,ACC,Headwear,BN,비니,플러시 미야옹 비니,3ABNB1146,50CRS,43000,0,0,0,0,0,0,0,8
당해,2025-09-07,M,ACC,Headwear,BN,비니,플러시 미야옹 비니,3ABNB1156,07SBD,43000,0,0,0,0,0,7,0,1500
당해,2025-09-07,M,ACC,Headwear,BN,비니,플러시 미야옹 비니,3ABNB1156,43LDL,43000,0,0,0,0,0,4,0,0
당해,2025-09-07,M,ACC,Headwear,BN,비니,플러시 미야옹 비니,3ABNB1156,43PKL,43000,0,0,0,0,0,2,0,1500
당해,2025-09-07,M,ACC,Headwear,BN,비니,플러시 미야옹 비니,3ABNB1156,50BKS,43000,0,0,0,0,0,8,0,4000
당해,2025-09-07,M,ACC,Headwear,BN,비니,플러시 미야옹 비니,3ABNB1156,50CRS,43000,0,0,0,0,0,10,0,3000
당해,2025-09-07,M,ACC,Headwear,BN,비니,플러시 미야옹 비니,3ABNB1156,50NYS,43000,0,0,0,0,0,3,0,2000
당해,2025-09-07,M,ACC,Headwear,BN,비니,미야옹 이어플랩 비니,3ABNV0756,07COS,49000,1800,0,1800,0,0,0,0,0
당해,2025-09-07,M,ACC,Headwear,BN,비니,미야옹 이어플랩 비니,3ABNV0756,43BRP,49000,0,0,0,0,0,0,0,0
당해,2025-09-07,M,ACC,Headwear,BN,비니,미야옹 이어플랩 비니,3ABNV0756,50BKS,49000,0,0,0,0,0,0,0,0
당해,2025-09-07,M,ACC,Headwear,BN,비니,미야옹 이어플랩 비니,3ABNV0756,50CRS,49000,0,0,0,0,0,0,0,0
당해,2025-09-14,M,ACC,Headwear,BN,비니,크로셰 미야옹 비니,3ABNB0153,07BLM,39000,0,0,0,0,1,0,0,50
당해,2025-09-14,M,ACC,Headwear,BN,비니,크로셰 미야옹 비니,3ABNB0153,43IVS,39000,0,0,0,0,2,0,100,59
당해,2025-09-14,M,ACC,Headwear,BN,비니,크로셰 미야옹 비니,3ABNB0153,50BKS,39000,0,0,0,0,15,0,0,52
당해,2025-09-14,M,ACC,Headwear,BN,비니,크로셰 미야옹 비니,3ABNB0153,50PCL,39000,0,0,0,0,5,0,0,47
당해,2025-09-14,M,ACC,Headwear,BN,비니,플러시 미야옹 비니,3ABNB1146,07SBD,43000,0,0,0,0,0,0,0,18
당해,2025-09-14,M,ACC,Headwear,BN,비니,플러시 미야옹 비니,3ABNB1146,43LDL,43000,0,0,0,0,0,0,0,11
당해,2025-09-14,M,ACC,Headwear,BN,비니,플러시 미야옹 비니,3ABNB1146,50BKS,43000,0,0,0,0,0,0,0,29
당해,2025-09-14,M,ACC,Headwear,BN,비니,플러시 미야옹 비니,3ABNB1146,50CRS,43000,0,0,0,0,0,0,0,8
당해,2025-09-14,M,ACC,Headwear,BN,비니,플러시 미야옹 비니,3ABNB1156,07SBD,43000,0,0,0,0,34,74,0,1466
당해,2025-09-14,M,ACC,Headwear,BN,비니,플러시 미야옹 비니,3ABNB1156,07YEL,43000,2300,0,1000,0,0,0,0,0
당해,2025-09-14,M,ACC,Headwear,BN,비니,플러시 미야옹 비니,3ABNB1156,43LDL,43000,0,0,0,0,0,31,0,0
당해,2025-09-14,M,ACC,Headwear,BN,비니,플러시 미야옹 비니,3ABNB1156,43PKL,43000,0,0,0,0,36,42,0,1464
당해,2025-09-14,M,ACC,Headwear,BN,비니,플러시 미야옹 비니,3ABNB1156,50BKS,43000,0,0,0,0,52,50,0,3948
당해,2025-09-14,M,ACC,Headwear,BN,비니,플러시 미야옹 비니,3ABNB1156,50CRS,43000,0,0,0,0,46,106,0,2954
당해,2025-09-14,M,ACC,Headwear,BN,비니,플러시 미야옹 비니,3ABNB1156,50NYS,43000,0,0,0,0,43,34,0,1957
당해,2025-09-14,M,ACC,Headwear,BN,비니,스트라이프 미야옹 비니,3ABNB1656,07PKS,43000,2670,0,1000,0,0,0,0,0
당해,2025-09-14,M,ACC,Headwear,BN,비니,스트라이프 미야옹 비니,3ABNB1656,43OLS,43000,1740,0,300,0,0,0,0,0
당해,2025-09-14,M,ACC,Headwear,BN,비니,스트라이프 미야옹 비니,3ABNB1656,50BKS,43000,4070,0,2000,0,0,0,0,0
당해,2025-09-14,M,ACC,Headwear,BN,비니,미야옹 이어플랩 비니,3ABNV0756,07COS,49000,0,0,0,0,0,1,0,0
당해,2025-09-14,M,ACC,Headwear,BN,비니,미야옹 이어플랩 비니,3ABNV0756,43BRP,49000,800,750,800,750,16,1,0,734
당해,2025-09-14,M,ACC,Headwear,BN,비니,미야옹 이어플랩 비니,3ABNV0756,50BKS,49000,1000,1250,1000,1250,35,1,0,1215
당해,2025-09-14,M,ACC,Headwear,BN,비니,미야옹 이어플랩 비니,3ABNV0756,50CRS,49000,800,1000,800,1000,35,4,0,965
당해,2025-09-21,M,ACC,Headwear,BN,비니,크로셰 미야옹 비니,3ABNB0153,07BLM,39000,0,0,0,0,2,0,0,48
당해,2025-09-21,M,ACC,Headwear,BN,비니,크로셰 미야옹 비니,3ABNB0153,43IVS,39000,0,0,0,0,0,0,0,59
당해,2025-09-21,M,ACC,Headwear,BN,비니,크로셰 미야옹 비니,3ABNB0153,50BKS,39000,0,0,0,0,-1,0,0,53
당해,2025-09-21,M,ACC,Headwear,BN,비니,크로셰 미야옹 비니,3ABNB0153,50PCL,39000,0,0,0,0,-1,0,0,48
당해,2025-09-21,M,ACC,Headwear,BN,비니,플러시 미야옹 비니,3ABNB1146,07SBD,43000,0,0,0,0,0,0,1,17
당해,2025-09-21,M,ACC,Headwear,BN,비니,플러시 미야옹 비니,3ABNB1146,43LDL,43000,0,0,0,0,0,2,0,11
당해,2025-09-21,M,ACC,Headwear,BN,비니,플러시 미야옹 비니,3ABNB1146,50BKS,43000,0,0,0,0,0,0,2,27
당해,2025-09-21,M,ACC,Headwear,BN,비니,플러시 미야옹 비니,3ABNB1146,50CRS,43000,0,0,0,0,0,1,0,8
당해,2025-09-21,M,ACC,Headwear,BN,비니,플러시 미야옹 비니,3ABNB1156,07SBD,43000,0,0,0,0,82,75,0,1384
당해,2025-09-21,M,ACC,Headwear,BN,비니,플러시 미야옹 비니,3ABNB1156,07YEL,43000,0,0,0,0,0,0,0,0
당해,2025-09-21,M,ACC,Headwear,BN,비니,플러시 미야옹 비니,3ABNB1156,43LDL,43000,0,0,0,0,0,56,0,0
당해,2025-09-21,M,ACC,Headwear,BN,비니,플러시 미야옹 비니,3ABNB1156,43PKL,43000,0,0,0,0,79,40,0,1385
당해,2025-09-21,M,ACC,Headwear,BN,비니,플러시 미야옹 비니,3ABNB1156,50BKS,43000,0,0,0,0,184,79,0,3764
당해,2025-09-21,M,ACC,Headwear,BN,비니,플러시 미야옹 비니,3ABNB1156,50CRS,43000,0,0,0,0,157,125,0,2797
당해,2025-09-21,M,ACC,Headwear,BN,비니,플러시 미야옹 비니,3ABNB1156,50NYS,43000,0,0,0,0,88,34,0,1869
당해,2025-09-21,M,ACC,Headwear,BN,비니,스트라이프 미야옹 비니,3ABNB1656,07PKS,43000,1000,0,1000,0,0,0,0,0
당해,2025-09-21,M,ACC,Headwear,BN,비니,스트라이프 미야옹 비니,3ABNB1656,43OLS,43000,0,0,0,0,0,0,0,0
당해,2025-09-21,M,ACC,Headwear,BN,비니,스트라이프 미야옹 비니,3ABNB1656,50BKS,43000,1000,0,1000,0,0,0,0,0
당해,2025-09-21,M,ACC,Headwear,BN,비니,미야옹 이어플랩 비니,3ABNV0756,07COS,49000,0,0,0,0,0,3,0,0
당해,2025-09-21,M,ACC,Headwear,BN,비니,미야옹 이어플랩 비니,3ABNV0756,43BRP,49000,0,0,0,0,87,15,0,647
당해,2025-09-21,M,ACC,Headwear,BN,비니,미야옹 이어플랩 비니,3ABNV0756,50BKS,49000,1000,0,1000,0,110,4,0,1105
당해,2025-09-21,M,ACC,Headwear,BN,비니,미야옹 이어플랩 비니,3ABNV0756,50CRS,49000,1000,0,1000,0,101,7,0,864
당해,2025-09-28,M,ACC,Headwear,BN,비니,크로셰 미야옹 비니,3ABNB0153,07BLM,39000,0,0,0,0,3,0,0,45
당해,2025-09-28,M,ACC,Headwear,BN,비니,크로셰 미야옹 비니,3ABNB0153,43IVS,39000,0,0,0,0,18,0,0,41
당해,2025-09-28,M,ACC,Headwear,BN,비니,크로셰 미야옹 비니,3ABNB0153,50BKS,39000,0,0,0,0,1,0,0,52
당해,2025-09-28,M,ACC,Headwear,BN,비니,크로셰 미야옹 비니,3ABNB0153,50PCL,39000,0,0,0,0,2,0,0,46
당해,2025-09-28,M,ACC,Headwear,BN,비니,플러시 미야옹 비니,3ABNB1146,07SBD,43000,0,0,0,0,0,2,0,17
당해,2025-09-28,M,ACC,Headwear,BN,비니,플러시 미야옹 비니,3ABNB1146,43LDL,43000,0,0,0,0,0,1,0,11
당해,2025-09-28,M,ACC,Headwear,BN,비니,플러시 미야옹 비니,3ABNB1146,50BKS,43000,0,0,0,0,0,0,0,27
당해,2025-09-28,M,ACC,Headwear,BN,비니,플러시 미야옹 비니,3ABNB1146,50CRS,43000,0,0,0,0,0,0,0,8
당해,2025-09-28,M,ACC,Headwear,BN,비니,플러시 미야옹 비니,3ABNB1156,07SBD,43000,1000,0,1000,0,86,127,0,1298
당해,2025-09-28,M,ACC,Headwear,BN,비니,플러시 미야옹 비니,3ABNB1156,07YEL,43000,0,0,0,0,0,0,0,0
당해,2025-09-28,M,ACC,Headwear,BN,비니,플러시 미야옹 비니,3ABNB1156,43LDL,43000,0,0,0,0,0,93,0,0
당해,2025-09-28,M,ACC,Headwear,BN,비니,플러시 미야옹 비니,3ABNB1156,43PKL,43000,1000,0,1000,0,79,39,0,1306
당해,2025-09-28,M,ACC,Headwear,BN,비니,플러시 미야옹 비니,3ABNB1156,50BKS,43000,1000,0,1000,0,216,155,0,3548
당해,2025-09-28,M,ACC,Headwear,BN,비니,플러시 미야옹 비니,3ABNB1156,50CRS,43000,1500,0,1500,0,143,165,0,2654
당해,2025-09-28,M,ACC,Headwear,BN,비니,플러시 미야옹 비니,3ABNB1156,50NYS,43000,1000,0,1000,0,123,41,0,1746
당해,2025-09-28,M,ACC,Headwear,BN,비니,스트라이프 미야옹 비니,3ABNB1656,07PKS,43000,0,0,0,0,0,0,0,0
당해,2025-09-28,M,ACC,Headwear,BN,비니,스트라이프 미야옹 비니,3ABNB1656,43OLS,43000,0,0,0,0,0,0,0,0
당해,2025-09-28,M,ACC,Headwear,BN,비니,스트라이프 미야옹 비니,3ABNB1656,50BKS,43000,0,0,0,0,0,0,0,0
당해,2025-09-28,M,ACC,Headwear,BN,비니,미야옹 이어플랩 비니,3ABNV0756,07COS,49000,0,0,0,0,0,3,0,0
당해,2025-09-28,M,ACC,Headwear,BN,비니,미야옹 이어플랩 비니,3ABNV0756,43BRP,49000,0,0,0,0,99,7,0,548
당해,2025-09-28,M,ACC,Headwear,BN,비니,미야옹 이어플랩 비니,3ABNV0756,50BKS,49000,0,0,0,0,206,1,0,899
당해,2025-09-28,M,ACC,Headwear,BN,비니,미야옹 이어플랩 비니,3ABNV0756,50CRS,49000,0,0,0,0,90,0,0,774
당해,2025-10-05,M,ACC,Headwear,BN,비니,크로셰 미야옹 비니,3ABNB0153,07BLM,39000,0,0,0,0,0,0,0,45
당해,2025-10-05,M,ACC,Headwear,BN,비니,크로셰 미야옹 비니,3ABNB0153,43IVS,39000,0,0,0,0,-1,0,0,42
당해,2025-10-05,M,ACC,Headwear,BN,비니,크로셰 미야옹 비니,3ABNB0153,50BKS,39000,0,0,0,0,3,0,0,49
당해,2025-10-05,M,ACC,Headwear,BN,비니,크로셰 미야옹 비니,3ABNB0153,50PCL,39000,0,0,0,0,3,0,0,43
당해,2025-10-05,M,ACC,Headwear,BN,비니,플러시 미야옹 비니,3ABNB1146,07SBD,43000,0,0,0,0,0,1,15,2
당해,2025-10-05,M,ACC,Headwear,BN,비니,플러시 미야옹 비니,3ABNB1146,43LDL,43000,0,0,0,0,0,0,11,0
당해,2025-10-05,M,ACC,Headwear,BN,비니,플러시 미야옹 비니,3ABNB1146,50BKS,43000,0,0,0,0,0,0,27,0
당해,2025-10-05,M,ACC,Headwear,BN,비니,플러시 미야옹 비니,3ABNB1146,50CRS,43000,0,0,0,0,0,1,7,1
당해,2025-10-05,M,ACC,Headwear,BN,비니,플러시 미야옹 비니,3ABNB1156,07SBD,43000,0,0,0,0,55,205,0,1243
당해,2025-10-05,M,ACC,Headwear,BN,비니,플러시 미야옹 비니,3ABNB1156,07YEL,43000,0,0,0,0,0,0,0,0
당해,2025-10-05,M,ACC,Headwear,BN,비니,플러시 미야옹 비니,3ABNB1156,43LDL,43000,0,0,0,0,0,177,0,0
당해,2025-10-05,M,ACC,Headwear,BN,비니,플러시 미야옹 비니,3ABNB1156,43PKL,43000,0,0,0,0,41,37,0,1265
당해,2025-10-05,M,ACC,Headwear,BN,비니,플러시 미야옹 비니,3ABNB1156,50BKS,43000,0,0,0,0,156,321,0,3392
당해,2025-10-05,M,ACC,Headwear,BN,비니,플러시 미야옹 비니,3ABNB1156,50CRS,43000,0,0,0,0,176,450,0,2478
당해,2025-10-05,M,ACC,Headwear,BN,비니,플러시 미야옹 비니,3ABNB1156,50NYS,43000,0,0,0,0,160,59,0,1586
당해,2025-10-05,M,ACC,Headwear,BN,비니,스트라이프 미야옹 비니,3ABNB1656,07PKS,43000,0,0,0,0,0,0,0,0
당해,2025-10-05,M,ACC,Headwear,BN,비니,스트라이프 미야옹 비니,3ABNB1656,43OLS,43000,0,0,0,0,0,0,0,0
당해,2025-10-05,M,ACC,Headwear,BN,비니,스트라이프 미야옹 비니,3ABNB1656,50BKS,43000,0,0,0,0,0,0,0,0
당해,2025-10-05,M,ACC,Headwear,BN,비니,미야옹 이어플랩 비니,3ABNV0756,07COS,49000,0,0,0,0,0,1,0,0
당해,2025-10-05,M,ACC,Headwear,BN,비니,미야옹 이어플랩 비니,3ABNV0756,43BRP,49000,0,0,0,0,62,49,0,486
당해,2025-10-05,M,ACC,Headwear,BN,비니,미야옹 이어플랩 비니,3ABNV0756,50BKS,49000,0,0,0,0,124,2,0,775
당해,2025-10-05,M,ACC,Headwear,BN,비니,미야옹 이어플랩 비니,3ABNV0756,50CRS,49000,0,0,0,0,68,0,0,706
당해,2025-10-12,M,ACC,Headwear,BN,비니,크로셰 미야옹 비니,3ABNB0153,07BLM,39000,0,0,0,0,1,0,0,44
당해,2025-10-12,M,ACC,Headwear,BN,비니,크로셰 미야옹 비니,3ABNB0153,43IVS,39000,0,0,0,0,0,0,0,42
당해,2025-10-12,M,ACC,Headwear,BN,비니,크로셰 미야옹 비니,3ABNB0153,50BKS,39000,0,0,0,0,0,0,0,49
당해,2025-10-12,M,ACC,Headwear,BN,비니,크로셰 미야옹 비니,3ABNB0153,50PCL,39000,0,0,0,0,0,0,0,43
당해,2025-10-12,M,ACC,Headwear,BN,비니,플러시 미야옹 비니,3ABNB1146,07SBD,43000,0,0,0,0,0,1,0,2
당해,2025-10-12,M,ACC,Headwear,BN,비니,플러시 미야옹 비니,3ABNB1146,43LDL,43000,0,0,0,0,0,0,0,0
당해,2025-10-12,M,ACC,Headwear,BN,비니,플러시 미야옹 비니,3ABNB1146,50BKS,43000,0,0,0,0,0,0,0,0
당해,2025-10-12,M,ACC,Headwear,BN,비니,플러시 미야옹 비니,3ABNB1146,50CRS,43000,0,0,0,0,0,1,0,1
당해,2025-10-12,M,ACC,Headwear,BN,비니,플러시 미야옹 비니,3ABNB1156,07SBD,43000,0,0,0,0,102,168,0,1141
당해,2025-10-12,M,ACC,Headwear,BN,비니,플러시 미야옹 비니,3ABNB1156,07YEL,43000,0,0,0,0,0,0,0,0
당해,2025-10-12,M,ACC,Headwear,BN,비니,플러시 미야옹 비니,3ABNB1156,43LDL,43000,0,0,0,0,0,141,0,0
당해,2025-10-12,M,ACC,Headwear,BN,비니,플러시 미야옹 비니,3ABNB1156,43PKL,43000,0,0,0,0,92,43,0,1173
당해,2025-10-12,M,ACC,Headwear,BN,비니,플러시 미야옹 비니,3ABNB1156,50BKS,43000,0,0,0,0,202,276,0,3190
당해,2025-10-12,M,ACC,Headwear,BN,비니,플러시 미야옹 비니,3ABNB1156,50CRS,43000,0,0,0,0,159,352,0,2319
당해,2025-10-12,M,ACC,Headwear,BN,비니,플러시 미야옹 비니,3ABNB1156,50NYS,43000,0,0,0,0,100,45,0,1486
당해,2025-10-12,M,ACC,Headwear,BN,비니,스트라이프 미야옹 비니,3ABNB1656,07PKS,43000,0,0,0,0,0,0,0,0
당해,2025-10-12,M,ACC,Headwear,BN,비니,스트라이프 미야옹 비니,3ABNB1656,43OLS,43000,0,0,0,0,0,0,0,0
당해,2025-10-12,M,ACC,Headwear,BN,비니,스트라이프 미야옹 비니,3ABNB1656,50BKS,43000,0,0,0,0,0,0,0,0
당해,2025-10-12,M,ACC,Headwear,BN,비니,미야옹 이어플랩 비니,3ABNV0756,07COS,49000,0,0,0,0,0,10,0,0
당해,2025-10-12,M,ACC,Headwear,BN,비니,미야옹 이어플랩 비니,3ABNV0756,43BRP,49000,0,0,0,0,92,39,0,394
당해,2025-10-12,M,ACC,Headwear,BN,비니,미야옹 이어플랩 비니,3ABNV0756,50BKS,49000,0,0,0,0,121,21,1,653
당해,2025-10-12,M,ACC,Headwear,BN,비니,미야옹 이어플랩 비니,3ABNV0756,50CRS,49000,0,0,0,0,84,18,0,622
당해,2025-10-19,M,ACC,Headwear,BN,비니,크로셰 미야옹 비니,3ABNB0153,07BLM,39000,0,0,0,0,0,0,0,44
당해,2025-10-19,M,ACC,Headwear,BN,비니,크로셰 미야옹 비니,3ABNB0153,43IVS,39000,0,0,0,0,0,0,0,42
당해,2025-10-19,M,ACC,Headwear,BN,비니,크로셰 미야옹 비니,3ABNB0153,50BKS,39000,0,0,0,0,5,0,0,44
당해,2025-10-19,M,ACC,Headwear,BN,비니,크로셰 미야옹 비니,3ABNB0153,50PCL,39000,0,0,0,0,1,0,0,42
당해,2025-10-19,M,ACC,Headwear,BN,비니,플러시 미야옹 비니,3ABNB1146,07SBD,43000,0,0,0,0,0,0,0,2
당해,2025-10-19,M,ACC,Headwear,BN,비니,플러시 미야옹 비니,3ABNB1146,43LDL,43000,0,0,0,0,0,0,0,0
당해,2025-10-19,M,ACC,Headwear,BN,비니,플러시 미야옹 비니,3ABNB1146,50BKS,43000,0,0,0,0,0,0,0,0
당해,2025-10-19,M,ACC,Headwear,BN,비니,플러시 미야옹 비니,3ABNB1146,50CRS,43000,0,0,0,0,0,1,0,1
당해,2025-10-19,M,ACC,Headwear,BN,비니,플러시 미야옹 비니,3ABNB1156,07SBD,43000,0,1000,0,1000,207,197,0,1934
당해,2025-10-19,M,ACC,Headwear,BN,비니,플러시 미야옹 비니,3ABNB1156,07YEL,43000,0,0,0,0,0,0,0,0
당해,2025-10-19,M,ACC,Headwear,BN,비니,플러시 미야옹 비니,3ABNB1156,43LDL,43000,0,0,0,0,0,135,0,0
당해,2025-10-19,M,ACC,Headwear,BN,비니,플러시 미야옹 비니,3ABNB1156,43PKL,43000,0,2000,0,2000,158,86,0,3015
당해,2025-10-19,M,ACC,Headwear,BN,비니,플러시 미야옹 비니,3ABNB1156,50BKS,43000,0,5000,0,5000,369,410,0,7821
당해,2025-10-19,M,ACC,Headwear,BN,비니,플러시 미야옹 비니,3ABNB1156,50CRS,43000,0,2000,0,2000,294,472,0,4025
당해,2025-10-19,M,ACC,Headwear,BN,비니,플러시 미야옹 비니,3ABNB1156,50NYS,43000,1500,0,1500,0,281,84,0,1205
당해,2025-10-19,M,ACC,Headwear,BN,비니,스트라이프 미야옹 비니,3ABNB1656,07PKS,43000,0,0,0,0,0,0,0,0
당해,2025-10-19,M,ACC,Headwear,BN,비니,스트라이프 미야옹 비니,3ABNB1656,43OLS,43000,0,0,0,0,0,0,0,0
당해,2025-10-19,M,ACC,Headwear,BN,비니,스트라이프 미야옹 비니,3ABNB1656,50BKS,43000,0,0,0,0,0,0,0,0
당해,2025-10-19,M,ACC,Headwear,BN,비니,미야옹 이어플랩 비니,3ABNV0756,07COS,49000,0,0,0,0,0,16,0,0
당해,2025-10-19,M,ACC,Headwear,BN,비니,미야옹 이어플랩 비니,3ABNV0756,43BRP,49000,1000,0,1000,0,115,44,0,279
당해,2025-10-19,M,ACC,Headwear,BN,비니,미야옹 이어플랩 비니,3ABNV0756,50BKS,49000,2000,0,2000,0,136,51,0,517
당해,2025-10-19,M,ACC,Headwear,BN,비니,미야옹 이어플랩 비니,3ABNV0756,50CRS,49000,1000,0,1000,0,111,47,0,511
당해,2025-10-26,M,ACC,Headwear,BN,비니,크로셰 미야옹 비니,3ABNB0153,07BLM,39000,0,0,0,0,0,0,0,44
당해,2025-10-26,M,ACC,Headwear,BN,비니,크로셰 미야옹 비니,3ABNB0153,43IVS,39000,0,0,0,0,1,0,0,41
당해,2025-10-26,M,ACC,Headwear,BN,비니,크로셰 미야옹 비니,3ABNB0153,50BKS,39000,0,0,0,0,0,0,0,44
당해,2025-10-26,M,ACC,Headwear,BN,비니,크로셰 미야옹 비니,3ABNB0153,50PCL,39000,0,0,0,0,0,0,0,42
당해,2025-10-26,M,ACC,Headwear,BN,비니,플러시 미야옹 비니,3ABNB1146,07SBD,43000,0,0,0,0,0,0,0,2
당해,2025-10-26,M,ACC,Headwear,BN,비니,플러시 미야옹 비니,3ABNB1146,43LDL,43000,0,0,0,0,0,2,0,0
당해,2025-10-26,M,ACC,Headwear,BN,비니,플러시 미야옹 비니,3ABNB1146,50BKS,43000,0,0,0,0,0,4,0,0
당해,2025-10-26,M,ACC,Headwear,BN,비니,플러시 미야옹 비니,3ABNB1146,50CRS,43000,0,0,0,0,0,5,0,1
당해,2025-10-26,M,ACC,Headwear,BN,비니,플러시 미야옹 비니,3ABNB1156,07SBD,43000,1000,0,1000,0,686,1220,0,1248
당해,2025-10-26,M,ACC,Headwear,BN,비니,플러시 미야옹 비니,3ABNB1156,07YEL,43000,1000,0,1000,0,0,0,0,0
당해,2025-10-26,M,ACC,Headwear,BN,비니,플러시 미야옹 비니,3ABNB1156,43LDL,43000,0,0,0,0,0,515,0,0
당해,2025-10-26,M,ACC,Headwear,BN,비니,플러시 미야옹 비니,3ABNB1156,43PKL,43000,820,0,800,0,605,900,0,2410
당해,2025-10-26,M,ACC,Headwear,BN,비니,플러시 미야옹 비니,3ABNB1156,50BKS,43000,5030,0,5000,0,3451,3473,4,4366
당해,2025-10-26,M,ACC,Headwear,BN,비니,플러시 미야옹 비니,3ABNB1156,50CRS,43000,3000,0,3000,0,1349,3025,5,2671
당해,2025-10-26,M,ACC,Headwear,BN,비니,플러시 미야옹 비니,3ABNB1156,50NYS,43000,1500,0,1500,0,523,646,0,682
당해,2025-10-26,M,ACC,Headwear,BN,비니,스트라이프 미야옹 비니,3ABNB1656,07PKS,43000,1000,0,1000,0,0,0,0,0
당해,2025-10-26,M,ACC,Headwear,BN,비니,스트라이프 미야옹 비니,3ABNB1656,43OLS,43000,60,0,0,0,0,0,0,0
당해,2025-10-26,M,ACC,Headwear,BN,비니,스트라이프 미야옹 비니,3ABNB1656,50BKS,43000,1080,0,1000,0,0,0,0,0
당해,2025-10-26,M,ACC,Headwear,BN,비니,미야옹 이어플랩 비니,3ABNV0756,07COS,49000,0,0,0,0,0,76,0,0
당해,2025-10-26,M,ACC,Headwear,BN,비니,미야옹 이어플랩 비니,3ABNV0756,43BRP,49000,0,0,0,0,106,210,0,173
당해,2025-10-26,M,ACC,Headwear,BN,비니,미야옹 이어플랩 비니,3ABNV0756,50BKS,49000,0,0,0,0,192,388,0,325
당해,2025-10-26,M,ACC,Headwear,BN,비니,미야옹 이어플랩 비니,3ABNV0756,50CRS,49000,0,0,0,0,117,228,0,394
당해,2025-11-02,M,ACC,Headwear,BN,비니,크로셰 미야옹 비니,3ABNB0153,07BLM,39000,0,0,0,0,0,0,0,44
당해,2025-11-02,M,ACC,Headwear,BN,비니,크로셰 미야옹 비니,3ABNB0153,43IVS,39000,0,0,0,0,-1,0,0,42
당해,2025-11-02,M,ACC,Headwear,BN,비니,크로셰 미야옹 비니,3ABNB0153,50BKS,39000,0,0,0,0,0,0,0,44
당해,2025-11-02,M,ACC,Headwear,BN,비니,크로셰 미야옹 비니,3ABNB0153,50PCL,39000,0,0,0,0,0,0,0,42
당해,2025-11-02,M,ACC,Headwear,BN,비니,플러시 미야옹 비니,3ABNB1146,07SBD,43000,0,0,0,0,0,3,0,2
당해,2025-11-02,M,ACC,Headwear,BN,비니,플러시 미야옹 비니,3ABNB1146,43LDL,43000,0,0,0,0,0,3,0,0
당해,2025-11-02,M,ACC,Headwear,BN,비니,플러시 미야옹 비니,3ABNB1146,50BKS,43000,0,0,0,0,0,0,0,0
당해,2025-11-02,M,ACC,Headwear,BN,비니,플러시 미야옹 비니,3ABNB1146,50CRS,43000,0,0,0,0,0,3,0,1
당해,2025-11-02,M,ACC,Headwear,BN,비니,플러시 미야옹 비니,3ABNB1156,07SBD,43000,4650,0,2000,0,561,422,0,687
당해,2025-11-02,M,ACC,Headwear,BN,비니,플러시 미야옹 비니,3ABNB1156,07YEL,43000,0,1000,0,1000,0,0,0,1000
당해,2025-11-02,M,ACC,Headwear,BN,비니,플러시 미야옹 비니,3ABNB1156,43LDL,43000,1700,0,0,0,0,481,0,0
당해,2025-11-02,M,ACC,Headwear,BN,비니,플러시 미야옹 비니,3ABNB1156,43PKL,43000,2650,0,1800,0,620,542,0,1790
당해,2025-11-02,M,ACC,Headwear,BN,비니,플러시 미야옹 비니,3ABNB1156,50BKS,43000,20900,0,15000,0,3237,1265,0,1129
당해,2025-11-02,M,ACC,Headwear,BN,비니,플러시 미야옹 비니,3ABNB1156,50CRS,43000,13200,0,8000,0,2018,2113,0,653
당해,2025-11-02,M,ACC,Headwear,BN,비니,플러시 미야옹 비니,3ABNB1156,50NYS,43000,2300,0,1500,0,457,464,0,225
당해,2025-11-02,M,ACC,Headwear,BN,비니,스트라이프 미야옹 비니,3ABNB1656,07PKS,43000,2600,1000,1500,1000,0,0,0,1000
당해,2025-11-02,M,ACC,Headwear,BN,비니,스트라이프 미야옹 비니,3ABNB1656,43OLS,43000,1900,300,1000,300,0,0,0,300
당해,2025-11-02,M,ACC,Headwear,BN,비니,스트라이프 미야옹 비니,3ABNB1656,50BKS,43000,3200,2000,2000,2000,0,0,0,2000
당해,2025-11-02,M,ACC,Headwear,BN,비니,미야옹 이어플랩 비니,3ABNV0756,07COS,49000,0,0,0,0,0,115,0,0
당해,2025-11-02,M,ACC,Headwear,BN,비니,미야옹 이어플랩 비니,3ABNV0756,43BRP,49000,1000,0,1000,0,104,91,0,69
당해,2025-11-02,M,ACC,Headwear,BN,비니,미야옹 이어플랩 비니,3ABNV0756,50BKS,49000,2000,0,2000,0,234,357,0,91
당해,2025-11-02,M,ACC,Headwear,BN,비니,미야옹 이어플랩 비니,3ABNV0756,50CRS,49000,1000,0,1000,0,200,269,0,194
당해,2025-11-09,M,ACC,Headwear,BN,비니,크로셰 미야옹 비니,3ABNB0153,07BLM,39000,0,0,0,0,0,0,0,44
당해,2025-11-09,M,ACC,Headwear,BN,비니,크로셰 미야옹 비니,3ABNB0153,43IVS,39000,0,0,0,0,0,0,0,42
당해,2025-11-09,M,ACC,Headwear,BN,비니,크로셰 미야옹 비니,3ABNB0153,50BKS,39000,0,0,0,0,0,0,0,44
당해,2025-11-09,M,ACC,Headwear,BN,비니,크로셰 미야옹 비니,3ABNB0153,50PCL,39000,0,0,0,0,0,0,0,42
당해,2025-11-09,M,ACC,Headwear,BN,비니,플러시 미야옹 비니,3ABNB1146,07SBD,43000,0,0,0,0,0,0,0,2
당해,2025-11-09,M,ACC,Headwear,BN,비니,플러시 미야옹 비니,3ABNB1146,43LDL,43000,0,0,0,0,0,2,0,0
당해,2025-11-09,M,ACC,Headwear,BN,비니,플러시 미야옹 비니,3ABNB1146,50BKS,43000,0,0,0,0,0,1,0,0
당해,2025-11-09,M,ACC,Headwear,BN,비니,플러시 미야옹 비니,3ABNB1146,50CRS,43000,0,0,0,0,0,5,0,1
당해,2025-11-09,M,ACC,Headwear,BN,비니,플러시 미야옹 비니,3ABNB1156,07SBD,43000,3420,0,1000,0,233,613,0,454
당해,2025-11-09,M,ACC,Headwear,BN,비니,플러시 미야옹 비니,3ABNB1156,07YEL,43000,0,0,0,0,0,17,0,1000
당해,2025-11-09,M,ACC,Headwear,BN,비니,플러시 미야옹 비니,3ABNB1156,43LDL,43000,810,0,0,0,0,433,0,0
당해,2025-11-09,M,ACC,Headwear,BN,비니,플러시 미야옹 비니,3ABNB1156,43PKL,43000,3290,0,1000,0,287,451,0,1503
당해,2025-11-09,M,ACC,Headwear,BN,비니,플러시 미야옹 비니,3ABNB1156,50BKS,43000,15910,0,6000,0,-46,1255,0,1175
당해,2025-11-09,M,ACC,Headwear,BN,비니,플러시 미야옹 비니,3ABNB1156,50CRS,43000,13920,0,6000,0,191,1146,0,462
당해,2025-11-09,M,ACC,Headwear,BN,비니,플러시 미야옹 비니,3ABNB1156,50NYS,43000,2870,0,0,0,130,358,0,95
당해,2025-11-09,M,ACC,Headwear,BN,비니,스트라이프 미야옹 비니,3ABNB1656,07PKS,43000,0,0,0,0,100,15,0,900
당해,2025-11-09,M,ACC,Headwear,BN,비니,스트라이프 미야옹 비니,3ABNB1656,43OLS,43000,0,0,0,0,18,10,0,282
당해,2025-11-09,M,ACC,Headwear,BN,비니,스트라이프 미야옹 비니,3ABNB1656,50BKS,43000,430,0,0,0,202,35,0,1798
당해,2025-11-09,M,ACC,Headwear,BN,비니,미야옹 이어플랩 비니,3ABNV0756,07COS,49000,460,1800,0,1800,0,150,0,1800
당해,2025-11-09,M,ACC,Headwear,BN,비니,미야옹 이어플랩 비니,3ABNV0756,43BRP,49000,2330,800,0,800,30,52,0,839
당해,2025-11-09,M,ACC,Headwear,BN,비니,미야옹 이어플랩 비니,3ABNV0756,50BKS,49000,2900,1000,0,1000,55,464,0,1036
당해,2025-11-09,M,ACC,Headwear,BN,비니,미야옹 이어플랩 비니,3ABNV0756,50CRS,49000,1090,800,0,800,85,323,0,909
당해,2025-11-16,M,ACC,Headwear,BN,비니,크로셰 미야옹 비니,3ABNB0153,07BLM,39000,0,0,0,0,0,0,0,44
당해,2025-11-16,M,ACC,Headwear,BN,비니,크로셰 미야옹 비니,3ABNB0153,43IVS,39000,0,0,0,0,0,0,0,42
당해,2025-11-16,M,ACC,Headwear,BN,비니,크로셰 미야옹 비니,3ABNB0153,50BKS,39000,0,0,0,0,0,0,0,44
당해,2025-11-16,M,ACC,Headwear,BN,비니,크로셰 미야옹 비니,3ABNB0153,50PCL,39000,0,0,0,0,0,0,0,42
당해,2025-11-16,M,ACC,Headwear,BN,비니,플러시 미야옹 비니,3ABNB1146,07SBD,43000,0,0,0,0,0,2,0,2
당해,2025-11-16,M,ACC,Headwear,BN,비니,플러시 미야옹 비니,3ABNB1146,43LDL,43000,0,0,0,0,0,3,0,0
당해,2025-11-16,M,ACC,Headwear,BN,비니,플러시 미야옹 비니,3ABNB1146,50BKS,43000,0,0,0,0,0,0,0,0
당해,2025-11-16,M,ACC,Headwear,BN,비니,플러시 미야옹 비니,3ABNB1146,50CRS,43000,0,0,0,0,0,2,0,1
당해,2025-11-16,M,ACC,Headwear,BN,비니,플러시 미야옹 비니,3ABNB1156,07SBD,43000,0,0,0,0,21,509,0,433
당해,2025-11-16,M,ACC,Headwear,BN,비니,플러시 미야옹 비니,3ABNB1156,07YEL,43000,0,0,0,0,34,82,0,966
당해,2025-11-16,M,ACC,Headwear,BN,비니,플러시 미야옹 비니,3ABNB1156,43LDL,43000,0,0,0,0,0,587,0,0
당해,2025-11-16,M,ACC,Headwear,BN,비니,플러시 미야옹 비니,3ABNB1156,43PKL,43000,0,0,0,0,109,479,0,1394
당해,2025-11-16,M,ACC,Headwear,BN,비니,플러시 미야옹 비니,3ABNB1156,50BKS,43000,0,0,0,0,99,1389,0,1076
당해,2025-11-16,M,ACC,Headwear,BN,비니,플러시 미야옹 비니,3ABNB1156,50CRS,43000,0,0,0,0,105,1177,0,357
당해,2025-11-16,M,ACC,Headwear,BN,비니,플러시 미야옹 비니,3ABNB1156,50NYS,43000,0,0,0,0,22,377,0,73
당해,2025-11-16,M,ACC,Headwear,BN,비니,스트라이프 미야옹 비니,3ABNB1656,07PKS,43000,0,0,0,0,349,160,2,549
당해,2025-11-16,M,ACC,Headwear,BN,비니,스트라이프 미야옹 비니,3ABNB1656,43OLS,43000,0,0,0,0,64,139,0,218
당해,2025-11-16,M,ACC,Headwear,BN,비니,스트라이프 미야옹 비니,3ABNB1656,50BKS,43000,0,0,0,0,1393,573,8,397
당해,2025-11-16,M,ACC,Headwear,BN,비니,미야옹 이어플랩 비니,3ABNV0756,07COS,49000,0,0,0,0,134,165,0,1666
당해,2025-11-16,M,ACC,Headwear,BN,비니,미야옹 이어플랩 비니,3ABNV0756,43BRP,49000,0,0,0,0,342,27,0,497
당해,2025-11-16,M,ACC,Headwear,BN,비니,미야옹 이어플랩 비니,3ABNV0756,50BKS,49000,0,0,0,0,726,355,0,310
당해,2025-11-16,M,ACC,Headwear,BN,비니,미야옹 이어플랩 비니,3ABNV0756,50CRS,49000,0,0,0,0,482,419,0,427
당해,2025-11-23,M,ACC,Headwear,BN,비니,크로셰 미야옹 비니,3ABNB0153,07BLM,39000,0,0,0,0,0,0,0,44
당해,2025-11-23,M,ACC,Headwear,BN,비니,크로셰 미야옹 비니,3ABNB0153,43IVS,39000,0,0,0,0,0,0,0,42
당해,2025-11-23,M,ACC,Headwear,BN,비니,크로셰 미야옹 비니,3ABNB0153,50BKS,39000,0,0,0,0,1,0,0,43
당해,2025-11-23,M,ACC,Headwear,BN,비니,크로셰 미야옹 비니,3ABNB0153,50PCL,39000,0,0,0,0,0,0,0,42
당해,2025-11-23,M,ACC,Headwear,BN,비니,플러시 미야옹 비니,3ABNB1146,07SBD,43000,0,0,0,0,0,1,0,2
당해,2025-11-23,M,ACC,Headwear,BN,비니,플러시 미야옹 비니,3ABNB1146,43LDL,43000,0,0,0,0,0,1,0,0
당해,2025-11-23,M,ACC,Headwear,BN,비니,플러시 미야옹 비니,3ABNB1146,50BKS,43000,0,0,0,0,0,1,0,0
당해,2025-11-23,M,ACC,Headwear,BN,비니,플러시 미야옹 비니,3ABNB1146,50CRS,43000,0,0,0,0,0,2,0,1
당해,2025-11-23,M,ACC,Headwear,BN,비니,플러시 미야옹 비니,3ABNB1156,07SBD,43000,0,0,0,0,258,899,1,174
당해,2025-11-23,M,ACC,Headwear,BN,비니,플러시 미야옹 비니,3ABNB1156,07YEL,43000,0,0,0,0,72,298,0,894
당해,2025-11-23,M,ACC,Headwear,BN,비니,플러시 미야옹 비니,3ABNB1156,43LDL,43000,0,0,0,0,0,422,0,0
당해,2025-11-23,M,ACC,Headwear,BN,비니,플러시 미야옹 비니,3ABNB1156,43PKL,43000,0,0,0,0,417,538,2,975
당해,2025-11-23,M,ACC,Headwear,BN,비니,플러시 미야옹 비니,3ABNB1156,50BKS,43000,0,0,0,0,2365,1054,11,-1300
당해,2025-11-23,M,ACC,Headwear,BN,비니,플러시 미야옹 비니,3ABNB1156,50CRS,43000,0,3000,0,3000,1446,1619,3,1908
당해,2025-11-23,M,ACC,Headwear,BN,비니,플러시 미야옹 비니,3ABNB1156,50NYS,43000,0,0,0,0,105,351,0,-32
당해,2025-11-23,M,ACC,Headwear,BN,비니,스트라이프 미야옹 비니,3ABNB1656,07PKS,43000,0,0,0,0,284,636,0,265
당해,2025-11-23,M,ACC,Headwear,BN,비니,스트라이프 미야옹 비니,3ABNB1656,43OLS,43000,0,0,0,0,112,304,0,106
당해,2025-11-23,M,ACC,Headwear,BN,비니,스트라이프 미야옹 비니,3ABNB1656,50BKS,43000,7180,0,5000,0,309,994,0,88
당해,2025-11-23,M,ACC,Headwear,BN,비니,미야옹 이어플랩 비니,3ABNV0756,07COS,49000,1000,0,1000,0,335,171,0,1331
당해,2025-11-23,M,ACC,Headwear,BN,비니,미야옹 이어플랩 비니,3ABNV0756,43BRP,49000,1000,0,1000,0,223,25,0,274
당해,2025-11-23,M,ACC,Headwear,BN,비니,미야옹 이어플랩 비니,3ABNV0756,50BKS,49000,1980,0,1500,0,244,360,1,65
당해,2025-11-23,M,ACC,Headwear,BN,비니,미야옹 이어플랩 비니,3ABNV0756,50CRS,49000,1750,0,1500,0,255,377,1,171
당해,2025-11-30,M,ACC,Headwear,BN,비니,크로셰 미야옹 비니,3ABNB0153,07BLM,39000,0,0,0,0,0,0,0,44
당해,2025-11-30,M,ACC,Headwear,BN,비니,크로셰 미야옹 비니,3ABNB0153,43IVS,39000,0,0,0,0,0,0,0,42
당해,2025-11-30,M,ACC,Headwear,BN,비니,크로셰 미야옹 비니,3ABNB0153,50BKS,39000,0,0,0,0,0,0,0,43
당해,2025-11-30,M,ACC,Headwear,BN,비니,크로셰 미야옹 비니,3ABNB0153,50PCL,39000,0,0,0,0,0,0,0,42
당해,2025-11-30,M,ACC,Headwear,BN,비니,플러시 미야옹 비니,3ABNB1146,07SBD,43000,0,0,0,0,0,0,0,2
당해,2025-11-30,M,ACC,Headwear,BN,비니,플러시 미야옹 비니,3ABNB1146,43LDL,43000,0,0,0,0,0,1,0,0
당해,2025-11-30,M,ACC,Headwear,BN,비니,플러시 미야옹 비니,3ABNB1146,50BKS,43000,0,0,0,0,0,0,0,0
당해,2025-11-30,M,ACC,Headwear,BN,비니,플러시 미야옹 비니,3ABNB1146,50CRS,43000,0,0,0,0,0,4,0,1
당해,2025-11-30,M,ACC,Headwear,BN,비니,플러시 미야옹 비니,3ABNB1156,07SBD,43000,0,3000,0,3000,538,657,0,2636
당해,2025-11-30,M,ACC,Headwear,BN,비니,플러시 미야옹 비니,3ABNB1156,07YEL,43000,0,1000,0,1000,189,353,1,1704
당해,2025-11-30,M,ACC,Headwear,BN,비니,플러시 미야옹 비니,3ABNB1156,43LDL,43000,0,0,0,0,0,461,0,0
당해,2025-11-30,M,ACC,Headwear,BN,비니,플러시 미야옹 비니,3ABNB1156,43PKL,43000,0,800,0,800,1150,781,0,625
당해,2025-11-30,M,ACC,Headwear,BN,비니,플러시 미야옹 비니,3ABNB1156,50BKS,43000,0,14997,0,14997,9967,1253,1,3729
당해,2025-11-30,M,ACC,Headwear,BN,비니,플러시 미야옹 비니,3ABNB1156,50CRS,43000,0,0,0,0,1962,1263,3,-57
당해,2025-11-30,M,ACC,Headwear,BN,비니,플러시 미야옹 비니,3ABNB1156,50NYS,43000,0,3000,0,3000,652,407,0,2316
당해,2025-11-30,M,ACC,Headwear,BN,비니,스트라이프 미야옹 비니,3ABNB1656,07PKS,43000,0,2000,0,2000,301,498,0,1964
당해,2025-11-30,M,ACC,Headwear,BN,비니,스트라이프 미야옹 비니,3ABNB1656,43OLS,43000,0,0,0,0,58,320,0,48
당해,2025-11-30,M,ACC,Headwear,BN,비니,스트라이프 미야옹 비니,3ABNB1656,50BKS,43000,0,2000,0,2000,987,692,0,1101
당해,2025-11-30,M,ACC,Headwear,BN,비니,미야옹 이어플랩 비니,3ABNV0756,07COS,49000,0,0,0,0,345,184,0,986
당해,2025-11-30,M,ACC,Headwear,BN,비니,미야옹 이어플랩 비니,3ABNV0756,43BRP,49000,0,0,0,0,66,30,0,208
당해,2025-11-30,M,ACC,Headwear,BN,비니,미야옹 이어플랩 비니,3ABNV0756,50BKS,49000,0,1000,0,1000,499,371,0,566
당해,2025-11-30,M,ACC,Headwear,BN,비니,미야옹 이어플랩 비니,3ABNV0756,50CRS,49000,0,1000,0,1000,358,462,0,813
당해,2025-12-07,M,ACC,Headwear,BN,비니,크로셰 미야옹 비니,3ABNB0153,07BLM,39000,0,0,0,0,0,0,0,44
당해,2025-12-07,M,ACC,Headwear,BN,비니,크로셰 미야옹 비니,3ABNB0153,43IVS,39000,0,0,0,0,0,0,0,42
당해,2025-12-07,M,ACC,Headwear,BN,비니,크로셰 미야옹 비니,3ABNB0153,50BKS,39000,0,0,0,0,1,0,0,42
당해,2025-12-07,M,ACC,Headwear,BN,비니,크로셰 미야옹 비니,3ABNB0153,50PCL,39000,0,0,0,0,0,0,0,42
당해,2025-12-07,M,ACC,Headwear,BN,비니,플러시 미야옹 비니,3ABNB1146,07SBD,43000,0,0,0,0,0,1,0,2
당해,2025-12-07,M,ACC,Headwear,BN,비니,플러시 미야옹 비니,3ABNB1146,43LDL,43000,0,0,0,0,0,0,0,0
당해,2025-12-07,M,ACC,Headwear,BN,비니,플러시 미야옹 비니,3ABNB1146,50BKS,43000,0,0,0,0,0,1,0,0
당해,2025-12-07,M,ACC,Headwear,BN,비니,플러시 미야옹 비니,3ABNB1146,50CRS,43000,0,0,0,0,0,4,0,1
당해,2025-12-07,M,ACC,Headwear,BN,비니,플러시 미야옹 비니,3ABNB1156,07SBD,43000,0,1000,0,1000,874,644,2,2760
당해,2025-12-07,M,ACC,Headwear,BN,비니,플러시 미야옹 비니,3ABNB1156,07YEL,43000,0,0,0,0,301,170,0,1403
당해,2025-12-07,M,ACC,Headwear,BN,비니,플러시 미야옹 비니,3ABNB1156,43LDL,43000,0,0,0,0,0,425,0,0
당해,2025-12-07,M,ACC,Headwear,BN,비니,플러시 미야옹 비니,3ABNB1156,43PKL,43000,0,2800,0,2800,844,456,0,2581
당해,2025-12-07,M,ACC,Headwear,BN,비니,플러시 미야옹 비니,3ABNB1156,50BKS,43000,4000,1003,4000,1003,4445,1010,1,286
당해,2025-12-07,M,ACC,Headwear,BN,비니,플러시 미야옹 비니,3ABNB1156,50CRS,43000,3000,5500,3000,5500,3123,763,4,2316
당해,2025-12-07,M,ACC,Headwear,BN,비니,플러시 미야옹 비니,3ABNB1156,50NYS,43000,0,2500,0,2500,1059,357,1,3756
당해,2025-12-07,M,ACC,Headwear,BN,비니,스트라이프 미야옹 비니,3ABNB1656,07PKS,43000,0,0,0,0,491,265,0,1473
당해,2025-12-07,M,ACC,Headwear,BN,비니,스트라이프 미야옹 비니,3ABNB1656,43OLS,43000,0,0,0,0,19,252,0,29
당해,2025-12-07,M,ACC,Headwear,BN,비니,스트라이프 미야옹 비니,3ABNB1656,50BKS,43000,0,0,0,0,919,157,1,181
당해,2025-12-07,M,ACC,Headwear,BN,비니,미야옹 이어플랩 비니,3ABNV0756,07COS,49000,0,0,0,0,313,236,0,673
당해,2025-12-07,M,ACC,Headwear,BN,비니,미야옹 이어플랩 비니,3ABNV0756,43BRP,49000,0,1000,0,1000,229,25,0,979
당해,2025-12-07,M,ACC,Headwear,BN,비니,미야옹 이어플랩 비니,3ABNV0756,50BKS,49000,0,2000,0,2000,705,293,0,1861
당해,2025-12-07,M,ACC,Headwear,BN,비니,미야옹 이어플랩 비니,3ABNV0756,50CRS,49000,0,1000,0,1000,587,504,0,1226
당해,2025-12-14,M,ACC,Headwear,BN,비니,크로셰 미야옹 비니,3ABNB0153,07BLM,39000,0,0,0,0,0,0,1,43
당해,2025-12-14,M,ACC,Headwear,BN,비니,크로셰 미야옹 비니,3ABNB0153,43IVS,39000,0,0,0,0,0,0,0,42
당해,2025-12-14,M,ACC,Headwear,BN,비니,크로셰 미야옹 비니,3ABNB0153,50BKS,39000,0,0,0,0,0,0,1,41
당해,2025-12-14,M,ACC,Headwear,BN,비니,크로셰 미야옹 비니,3ABNB0153,50PCL,39000,0,0,0,0,0,0,0,42
당해,2025-12-14,M,ACC,Headwear,BN,비니,플러시 미야옹 비니,3ABNB1146,07SBD,43000,0,0,0,0,0,0,0,2
당해,2025-12-14,M,ACC,Headwear,BN,비니,플러시 미야옹 비니,3ABNB1146,43LDL,43000,0,0,0,0,0,1,0,0
당해,2025-12-14,M,ACC,Headwear,BN,비니,플러시 미야옹 비니,3ABNB1146,50BKS,43000,0,0,0,0,0,0,0,0
당해,2025-12-14,M,ACC,Headwear,BN,비니,플러시 미야옹 비니,3ABNB1146,50CRS,43000,0,0,0,0,0,1,0,1
당해,2025-12-14,M,ACC,Headwear,BN,비니,플러시 미야옹 비니,3ABNB1156,07SBD,43000,0,0,0,0,870,972,10,1880
당해,2025-12-14,M,ACC,Headwear,BN,비니,플러시 미야옹 비니,3ABNB1156,07YEL,43000,0,0,0,0,245,173,2,1156
당해,2025-12-14,M,ACC,Headwear,BN,비니,플러시 미야옹 비니,3ABNB1156,43LDL,43000,0,0,0,0,0,541,0,0
당해,2025-12-14,M,ACC,Headwear,BN,비니,플러시 미야옹 비니,3ABNB1156,43PKL,43000,0,0,0,0,1128,596,48,1405
당해,2025-12-14,M,ACC,Headwear,BN,비니,플러시 미야옹 비니,3ABNB1156,50BKS,43000,3000,1020,3000,1020,1414,2951,46,-154
당해,2025-12-14,M,ACC,Headwear,BN,비니,플러시 미야옹 비니,3ABNB1156,50CRS,43000,0,1020,0,1020,1874,2924,21,1441
당해,2025-12-14,M,ACC,Headwear,BN,비니,플러시 미야옹 비니,3ABNB1156,50NYS,43000,0,0,0,0,1478,825,4,2274
당해,2025-12-14,M,ACC,Headwear,BN,비니,스트라이프 미야옹 비니,3ABNB1656,07PKS,43000,0,0,0,0,261,407,4,1208
당해,2025-12-14,M,ACC,Headwear,BN,비니,스트라이프 미야옹 비니,3ABNB1656,43OLS,43000,0,0,0,0,1,460,10,18
당해,2025-12-14,M,ACC,Headwear,BN,비니,스트라이프 미야옹 비니,3ABNB1656,50BKS,43000,0,0,0,0,552,388,12,-383
당해,2025-12-14,M,ACC,Headwear,BN,비니,미야옹 이어플랩 비니,3ABNV0756,07COS,49000,0,0,0,0,194,254,0,479
당해,2025-12-14,M,ACC,Headwear,BN,비니,미야옹 이어플랩 비니,3ABNV0756,43BRP,49000,0,0,0,0,519,7,2,458
당해,2025-12-14,M,ACC,Headwear,BN,비니,미야옹 이어플랩 비니,3ABNV0756,50BKS,49000,0,0,0,0,945,202,1,915
당해,2025-12-14,M,ACC,Headwear,BN,비니,미야옹 이어플랩 비니,3ABNV0756,50CRS,49000,0,0,0,0,748,428,2,476
당해,2025-12-21,M,ACC,Headwear,BN,비니,크로셰 미야옹 비니,3ABNB0153,07BLM,39000,0,0,0,0,0,0,0,43
당해,2025-12-21,M,ACC,Headwear,BN,비니,크로셰 미야옹 비니,3ABNB0153,43IVS,39000,0,0,0,0,0,0,0,42
당해,2025-12-21,M,ACC,Headwear,BN,비니,크로셰 미야옹 비니,3ABNB0153,50BKS,39000,0,0,0,0,0,0,0,41
당해,2025-12-21,M,ACC,Headwear,BN,비니,크로셰 미야옹 비니,3ABNB0153,50PCL,39000,0,0,0,0,0,0,0,42
당해,2025-12-21,M,ACC,Headwear,BN,비니,썸머 크로셰 미야옹 비니,3ABNB0163,07COP,43000,2240,0,2000,0,0,0,0,0
당해,2025-12-21,M,ACC,Headwear,BN,비니,썸머 크로셰 미야옹 비니,3ABNB0163,43MGS,43000,1410,0,1230,0,0,0,0,0
당해,2025-12-21,M,ACC,Headwear,BN,비니,썸머 크로셰 미야옹 비니,3ABNB0163,50BKS,43000,5830,0,5430,0,0,0,0,0
당해,2025-12-21,M,ACC,Headwear,BN,비니,썸머 크로셰 미야옹 비니,3ABNB0163,50CRS,43000,4540,0,4030,0,0,0,0,0
당해,2025-12-21,M,ACC,Headwear,BN,비니,썸머 크로셰 미야옹 비니,3ABNB0163,50SAM,43000,1500,0,1500,0,0,0,0,0
당해,2025-12-21,M,ACC,Headwear,BN,비니,썸머 미야옹 비니,3ABNB0263,07COP,49000,1800,0,1800,0,0,0,0,0
당해,2025-12-21,M,ACC,Headwear,BN,비니,썸머 미야옹 비니,3ABNB0263,43CRS,49000,3323,0,2700,0,0,0,0,0
당해,2025-12-21,M,ACC,Headwear,BN,비니,썸머 미야옹 비니,3ABNB0263,50BKS,49000,4163,0,3500,0,0,0,0,0
당해,2025-12-21,M,ACC,Headwear,BN,비니,썸머 스트라이프 미야옹 비니,3ABNB0363,07NYS,43000,1180,0,1010,0,0,0,0,0
당해,2025-12-21,M,ACC,Headwear,BN,비니,썸머 스트라이프 미야옹 비니,3ABNB0363,43SAS,43000,2040,0,1700,0,0,0,0,0
당해,2025-12-21,M,ACC,Headwear,BN,비니,썸머 스트라이프 미야옹 비니,3ABNB0363,50BKS,43000,4785,0,4215,0,0,0,0,0
당해,2025-12-21,M,ACC,Headwear,BN,비니,썸머 스트라이프 미야옹 비니,3ABNB0363,50BRD,43000,1480,0,1000,0,0,0,0,0
당해,2025-12-21,M,ACC,Headwear,BN,비니,플러시 미야옹 비니,3ABNB1146,07SBD,43000,0,0,0,0,0,1,0,2
당해,2025-12-21,M,ACC,Headwear,BN,비니,플러시 미야옹 비니,3ABNB1146,43LDL,43000,0,0,0,0,0,0,0,0
당해,2025-12-21,M,ACC,Headwear,BN,비니,플러시 미야옹 비니,3ABNB1146,50BKS,43000,0,0,0,0,0,0,0,0
당해,2025-12-21,M,ACC,Headwear,BN,비니,플러시 미야옹 비니,3ABNB1146,50CRS,43000,0,0,0,0,0,0,0,1
당해,2025-12-21,M,ACC,Headwear,BN,비니,플러시 미야옹 비니,3ABNB1156,07SBD,43000,1690,0,0,0,479,984,1,1400
당해,2025-12-21,M,ACC,Headwear,BN,비니,플러시 미야옹 비니,3ABNB1156,07YEL,43000,430,0,0,0,158,146,0,998
당해,2025-12-21,M,ACC,Headwear,BN,비니,플러시 미야옹 비니,3ABNB1156,43LDL,43000,650,0,0,0,0,383,0,0
당해,2025-12-21,M,ACC,Headwear,BN,비니,플러시 미야옹 비니,3ABNB1156,43PKL,43000,1660,0,0,0,637,704,0,768
당해,2025-12-21,M,ACC,Headwear,BN,비니,플러시 미야옹 비니,3ABNB1156,50BKS,43000,12960,3978,2000,3978,3897,2862,0,-73
당해,2025-12-21,M,ACC,Headwear,BN,비니,플러시 미야옹 비니,3ABNB1156,50CRS,43000,7990,2980,1000,2980,3045,2481,2,1374
당해,2025-12-21,M,ACC,Headwear,BN,비니,플러시 미야옹 비니,3ABNB1156,50NYS,43000,1140,0,0,0,717,1055,0,1557
당해,2025-12-21,M,ACC,Headwear,BN,비니,스트라이프 미야옹 비니,3ABNB1656,07PKS,43000,640,0,0,0,132,225,0,1076
당해,2025-12-21,M,ACC,Headwear,BN,비니,스트라이프 미야옹 비니,3ABNB1656,43OLS,43000,590,0,0,0,17,247,0,1
당해,2025-12-21,M,ACC,Headwear,BN,비니,스트라이프 미야옹 비니,3ABNB1656,50BKS,43000,2640,2000,0,2000,1035,402,0,582
당해,2025-12-21,M,ACC,Headwear,BN,비니,미야옹 이어플랩 비니,3ABNV0756,07COS,49000,0,0,0,0,134,226,0,345
당해,2025-12-21,M,ACC,Headwear,BN,비니,미야옹 이어플랩 비니,3ABNV0756,43BRP,49000,0,0,0,0,154,57,0,304
당해,2025-12-21,M,ACC,Headwear,BN,비니,미야옹 이어플랩 비니,3ABNV0756,50BKS,49000,0,0,0,0,272,188,1,642
당해,2025-12-21,M,ACC,Headwear,BN,비니,미야옹 이어플랩 비니,3ABNV0756,50CRS,49000,0,0,0,0,214,358,1,261
당해,2025-12-28,M,ACC,Headwear,BN,비니,크로셰 미야옹 비니,3ABNB0153,07BLM,39000,0,0,0,0,0,0,0,43
당해,2025-12-28,M,ACC,Headwear,BN,비니,크로셰 미야옹 비니,3ABNB0153,43IVS,39000,0,0,0,0,0,0,0,42
당해,2025-12-28,M,ACC,Headwear,BN,비니,크로셰 미야옹 비니,3ABNB0153,50BKS,39000,0,0,0,0,0,0,0,41
당해,2025-12-28,M,ACC,Headwear,BN,비니,크로셰 미야옹 비니,3ABNB0153,50PCL,39000,0,0,0,0,0,0,0,42
당해,2025-12-28,M,ACC,Headwear,BN,비니,썸머 크로셰 미야옹 비니,3ABNB0163,07COP,43000,0,0,0,0,0,0,0,0
당해,2025-12-28,M,ACC,Headwear,BN,비니,썸머 크로셰 미야옹 비니,3ABNB0163,43MGS,43000,160,0,0,0,0,0,0,0
당해,2025-12-28,M,ACC,Headwear,BN,비니,썸머 크로셰 미야옹 비니,3ABNB0163,50BKS,43000,160,0,0,0,0,0,0,0
당해,2025-12-28,M,ACC,Headwear,BN,비니,썸머 크로셰 미야옹 비니,3ABNB0163,50CRS,43000,240,0,0,0,0,0,0,0
당해,2025-12-28,M,ACC,Headwear,BN,비니,썸머 크로셰 미야옹 비니,3ABNB0163,50SAM,43000,0,0,0,0,0,0,0,0
당해,2025-12-28,M,ACC,Headwear,BN,비니,썸머 미야옹 비니,3ABNB0263,07COP,49000,713,0,0,0,0,0,0,0
당해,2025-12-28,M,ACC,Headwear,BN,비니,썸머 미야옹 비니,3ABNB0263,07LDS,49000,173,0,0,0,0,0,0,0
당해,2025-12-28,M,ACC,Headwear,BN,비니,썸머 미야옹 비니,3ABNB0263,43CRS,49000,240,0,0,0,0,0,0,0
당해,2025-12-28,M,ACC,Headwear,BN,비니,썸머 미야옹 비니,3ABNB0263,50BKS,49000,240,0,0,0,0,0,0,0
당해,2025-12-28,M,ACC,Headwear,BN,비니,썸머 스트라이프 미야옹 비니,3ABNB0363,07NYS,43000,160,0,0,0,0,0,0,0
당해,2025-12-28,M,ACC,Headwear,BN,비니,썸머 스트라이프 미야옹 비니,3ABNB0363,43SAS,43000,0,0,0,0,0,0,0,0
당해,2025-12-28,M,ACC,Headwear,BN,비니,썸머 스트라이프 미야옹 비니,3ABNB0363,50BKS,43000,240,0,0,0,0,0,0,0
당해,2025-12-28,M,ACC,Headwear,BN,비니,썸머 스트라이프 미야옹 비니,3ABNB0363,50BRD,43000,0,0,0,0,0,0,0,0
당해,2025-12-28,M,ACC,Headwear,BN,비니,플러시 미야옹 비니,3ABNB1146,07SBD,43000,0,0,0,0,0,0,1,1
당해,2025-12-28,M,ACC,Headwear,BN,비니,플러시 미야옹 비니,3ABNB1146,43LDL,43000,0,0,0,0,0,1,0,0
당해,2025-12-28,M,ACC,Headwear,BN,비니,플러시 미야옹 비니,3ABNB1146,50BKS,43000,0,0,0,0,0,0,0,0
당해,2025-12-28,M,ACC,Headwear,BN,비니,플러시 미야옹 비니,3ABNB1146,50CRS,43000,0,0,0,0,0,2,0,1
당해,2025-12-28,M,ACC,Headwear,BN,비니,플러시 미야옹 비니,3ABNB1156,07SBD,43000,0,1000,0,1000,616,1202,0,1784
당해,2025-12-28,M,ACC,Headwear,BN,비니,플러시 미야옹 비니,3ABNB1156,07YEL,43000,0,0,0,0,170,89,0,828
당해,2025-12-28,M,ACC,Headwear,BN,비니,플러시 미야옹 비니,3ABNB1156,43LDL,43000,0,0,0,0,0,436,0,0
당해,2025-12-28,M,ACC,Headwear,BN,비니,플러시 미야옹 비니,3ABNB1156,43PKL,43000,0,0,0,0,525,596,0,243
당해,2025-12-28,M,ACC,Headwear,BN,비니,플러시 미야옹 비니,3ABNB1156,50BKS,43000,2000,5998,2000,5998,4996,2375,0,929
당해,2025-12-28,M,ACC,Headwear,BN,비니,플러시 미야옹 비니,3ABNB1156,50CRS,43000,1000,6000,1000,6000,4132,1817,0,3242
당해,2025-12-28,M,ACC,Headwear,BN,비니,플러시 미야옹 비니,3ABNB1156,50NYS,43000,0,0,0,0,1323,785,0,234
당해,2025-12-28,M,ACC,Headwear,BN,비니,스트라이프 미야옹 비니,3ABNB1656,07PKS,43000,0,1500,0,1500,267,189,1,2308
당해,2025-12-28,M,ACC,Headwear,BN,비니,스트라이프 미야옹 비니,3ABNB1656,43OLS,43000,0,1000,0,1000,97,185,0,904
당해,2025-12-28,M,ACC,Headwear,BN,비니,스트라이프 미야옹 비니,3ABNB1656,50BKS,43000,0,5000,0,5000,1550,143,1,4031
당해,2025-12-28,M,ACC,Headwear,BN,비니,미야옹 이어플랩 비니,3ABNV0756,07COS,49000,0,0,0,0,77,313,0,268
당해,2025-12-28,M,ACC,Headwear,BN,비니,미야옹 이어플랩 비니,3ABNV0756,43BRP,49000,0,1000,0,1000,255,354,0,1049
당해,2025-12-28,M,ACC,Headwear,BN,비니,미야옹 이어플랩 비니,3ABNV0756,50BKS,49000,0,2000,0,2000,678,515,1,1963
당해,2025-12-28,M,ACC,Headwear,BN,비니,미야옹 이어플랩 비니,3ABNV0756,50CRS,49000,0,1000,0,1000,434,476,0,827
