BRD_CD,CLASS,ITEM,ITEM_NM,SEX_NM,PRDT_NM,STYLE_CD,COLOR_CD,SIZE_CD,ORDER_QTY_KR,STOR_QTY_KR,SALE_QTY_CNS
X,Shoes,SH,신발,아동,하이퍼 샌디 키즈,DKSH5535N,BKM,180,50,60,19
X,Shoes,SH,신발,아동,하이퍼 샌디 키즈,DKSH5535N,BKM,190,100,115,49
X,Shoes,SH,신발,아동,하이퍼 샌디 키즈,DKSH5535N,BKM,200,160,190,83
X,Shoes,SH,신발,아동,하이퍼 샌디 키즈,DKSH5535N,BKM,210,130,180,119
X,Shoes,SH,신발,아동,하이퍼 샌디 키즈,DKSH5535N,BKM,220,110,195,163
X,Shoes,SH,신발,아동,하이퍼 샌디 키즈,DKSH5535N,BKM,230,50,160,149
X,Shoes,SH,신발,아동,하이퍼 샌디 키즈,DKSH5535N,PPS,180,20,30,6
X,Shoes,SH,신발,아동,하이퍼 샌디 키즈,DKSH5535N,PPS,190,40,70,25
X,Shoes,SH,신발,아동,하이퍼 샌디 키즈,DKSH5535N,PPS,200,60,110,45
X,Shoes,SH,신발,아동,하이퍼 샌디 키즈,DKSH5535N,PPS,210,70,135,51
X,Shoes,SH,신발,아동,하이퍼 샌디 키즈,DKSH5535N,PPS,220,100,180,49
X,Shoes,SH,신발,아동,하이퍼 샌디 키즈,DKSH5535N,PPS,230,110,175,46
X,Shoes,SH,신발,아동,하이퍼 샌디 키즈,DKSH5535N,WHS,180,50,60,18
X,Shoes,SH,신발,아동,하이퍼 샌디 키즈,DKSH5535N,WHS,190,60,75,30
X,Shoes,SH,신발,아동,하이퍼 샌디 키즈,DKSH5535N,WHS,200,100,130,63
X,Shoes,SH,신발,아동,하이퍼 샌디 키즈,DKSH5535N,WHS,210,150,220,101
X,Shoes,SH,신발,아동,하이퍼 샌디 키즈,DKSH5535N,WHS,220,240,380,207
X,Shoes,SH,신발,아동,하이퍼 샌디 키즈,DKSH5535N,WHS,230,200,335,213
X,Shoes,SH,신발,아동,웨이브 샌디 키즈,DKSH7245N,BES,180,80,160,53
X,Shoes,SH,신발,아동,웨이브 샌디 키즈,DKSH7245N,BES,190,100,200,88
X,Shoes,SH,신발,아동,웨이브 샌디 키즈,DKSH7245N,BES,200,100,200,109
X,Shoes,SH,신발,아동,웨이브 샌디 키즈,DKSH7245N,BES,210,150,300,138
X,Shoes,SH,신발,아동,웨이브 샌디 키즈,DKSH7245N,BES,220,250,500,165
X,Shoes,SH,신발,아동,웨이브 샌디 키즈,DKSH7245N,BES,230,220,440,168
X,Shoes,SH,신발,아동,웨이브 샌디 키즈,DKSH7245N,LPS,180,40,80,35
X,Shoes,SH,신발,아동,웨이브 샌디 키즈,DKSH7245N,LPS,190,60,120,70
X,Shoes,SH,신발,아동,웨이브 샌디 키즈,DKSH7245N,LPS,200,70,140,80
X,Shoes,SH,신발,아동,웨이브 샌디 키즈,DKSH7245N,LPS,210,75,150,63
X,Shoes,SH,신발,아동,웨이브 샌디 키즈,DKSH7245N,LPS,220,90,180,69
X,Shoes,SH,신발,아동,웨이브 샌디 키즈,DKSH7245N,LPS,230,65,130,33
X,Shoes,SH,신발,아동,웨이브 샌디 키즈,DKSH7245N,ZBS,180,60,120,50
X,Shoes,SH,신발,아동,웨이브 샌디 키즈,DKSH7245N,ZBS,190,80,160,98
X,Shoes,SH,신발,아동,웨이브 샌디 키즈,DKSH7245N,ZBS,200,80,160,108
X,Shoes,SH,신발,아동,웨이브 샌디 키즈,DKSH7245N,ZBS,210,110,220,128
X,Shoes,SH,신발,아동,웨이브 샌디 키즈,DKSH7245N,ZBS,220,170,340,200
X,Shoes,SH,신발,아동,웨이브 샌디 키즈,DKSH7245N,ZBS,230,200,400,209
X,Shoes,SH,신발,아동,라이트 샌디 키즈,DKSH7535N,BES,180,70,60,56
X,Shoes,SH,신발,아동,라이트 샌디 키즈,DKSH7535N,BES,190,100,80,76
X,Shoes,SH,신발,아동,라이트 샌디 키즈,DKSH7535N,BES,200,150,80,77
X,Shoes,SH,신발,아동,라이트 샌디 키즈,DKSH7535N,BES,210,150,120,109
X,Shoes,SH,신발,아동,라이트 샌디 키즈,DKSH7535N,BES,220,280,190,177
X,Shoes,SH,신발,아동,라이트 샌디 키즈,DKSH7535N,BES,230,250,170,163
X,Shoes,SH,신발,아동,라이트 샌디 키즈,DKSH7535N,BKS,180,100,40,40
X,Shoes,SH,신발,아동,라이트 샌디 키즈,DKSH7535N,BKS,190,100,60,57
X,Shoes,SH,신발,아동,라이트 샌디 키즈,DKSH7535N,BKS,200,100,60,60
X,Shoes,SH,신발,아동,라이트 샌디 키즈,DKSH7535N,BKS,210,150,70,65
X,Shoes,SH,신발,아동,라이트 샌디 키즈,DKSH7535N,BKS,220,250,120,113
X,Shoes,SH,신발,아동,라이트 샌디 키즈,DKSH7535N,BKS,230,300,150,148
X,Shoes,SH,신발,아동,라이트 샌디 키즈,DKSH7535N,LVL,180,50,0,0
X,Shoes,SH,신발,아동,라이트 샌디 키즈,DKSH7535N,LVL,190,100,0,0
X,Shoes,SH,신발,아동,라이트 샌디 키즈,DKSH7535N,LVL,200,100,0,0
X,Shoes,SH,신발,아동,라이트 샌디 키즈,DKSH7535N,LVL,210,200,0,0
X,Shoes,SH,신발,아동,라이트 샌디 키즈,DKSH7535N,LVL,220,200,0,0
X,Shoes,SH,신발,아동,라이트 샌디 키즈,DKSH7535N,LVL,230,50,0,0
X,Shoes,SH,신발,아동,라이트 샌디 키즈,DKSH7535N,SID,180,50,0,0
X,Shoes,SH,신발,아동,라이트 샌디 키즈,DKSH7535N,SID,190,100,0,0
X,Shoes,SH,신발,아동,라이트 샌디 키즈,DKSH7535N,SID,200,100,0,0
X,Shoes,SH,신발,아동,라이트 샌디 키즈,DKSH7535N,SID,210,200,0,0
X,Shoes,SH,신발,아동,라이트 샌디 키즈,DKSH7535N,SID,220,250,0,0
X,Shoes,SH,신발,아동,라이트 샌디 키즈,DKSH7535N,SID,230,300,0,0
X,Shoes,SH,신발,아동,라이트 샌디 키즈,DKSH7535N,SIL,180,100,0,0
X,Shoes,SH,신발,아동,라이트 샌디 키즈,DKSH7535N,SIL,190,150,0,0
X,Shoes,SH,신발,아동,라이트 샌디 키즈,DKSH7535N,SIL,200,200,0,0
X,Shoes,SH,신발,아동,라이트 샌디 키즈,DKSH7535N,SIL,210,300,0,0
X,Shoes,SH,신발,아동,라이트 샌디 키즈,DKSH7535N,SIL,220,400,0,0
X,Shoes,SH,신발,아동,라이트 샌디 키즈,DKSH7535N,SIL,230,350,0,0
X,Shoes,SH,신발,공용,조거 플렉스,DXSH2115N,BGS,225,0,100,50
X,Shoes,SH,신발,공용,조거 플렉스,DXSH2115N,BGS,230,0,350,145
X,Shoes,SH,신발,공용,조거 플렉스,DXSH2115N,BGS,235,0,450,226
X,Shoes,SH,신발,공용,조거 플렉스,DXSH2115N,BGS,240,0,550,324
X,Shoes,SH,신발,공용,조거 플렉스,DXSH2115N,BGS,245,0,450,241
X,Shoes,SH,신발,공용,조거 플렉스,DXSH2115N,BGS,250,0,300,214
X,Shoes,SH,신발,공용,조거 플렉스,DXSH2115N,BGS,255,0,250,124
X,Shoes,SH,신발,공용,조거 플렉스,DXSH2115N,BGS,260,0,310,160
X,Shoes,SH,신발,공용,조거 플렉스,DXSH2115N,BGS,265,0,300,148
X,Shoes,SH,신발,공용,조거 플렉스,DXSH2115N,BGS,270,0,290,151
X,Shoes,SH,신발,공용,조거 플렉스,DXSH2115N,BGS,275,0,250,96
X,Shoes,SH,신발,공용,조거 플렉스,DXSH2115N,BGS,280,0,200,87
X,Shoes,SH,신발,공용,조거 플렉스,DXSH2115N,GRD,230,100,400,181
X,Shoes,SH,신발,공용,조거 플렉스,DXSH2115N,GRD,235,150,510,211
X,Shoes,SH,신발,공용,조거 플렉스,DXSH2115N,GRD,240,150,600,300
X,Shoes,SH,신발,공용,조거 플렉스,DXSH2115N,GRD,245,150,500,238
X,Shoes,SH,신발,공용,조거 플렉스,DXSH2115N,GRD,250,150,450,259
X,Shoes,SH,신발,공용,조거 플렉스,DXSH2115N,GRD,255,100,350,187
X,Shoes,SH,신발,공용,조거 플렉스,DXSH2115N,GRD,260,150,450,294
X,Shoes,SH,신발,공용,조거 플렉스,DXSH2115N,GRD,265,200,450,312
X,Shoes,SH,신발,공용,조거 플렉스,DXSH2115N,GRD,270,150,390,280
X,Shoes,SH,신발,공용,조거 플렉스,DXSH2115N,GRD,275,100,300,160
X,Shoes,SH,신발,공용,조거 플렉스,DXSH2115N,GRD,280,100,300,167
X,Shoes,SH,신발,공용,조거 플렉스,DXSH2115N,GRL,230,180,0,0
X,Shoes,SH,신발,공용,조거 플렉스,DXSH2115N,GRL,235,260,0,0
X,Shoes,SH,신발,공용,조거 플렉스,DXSH2115N,GRL,240,380,0,0
X,Shoes,SH,신발,공용,조거 플렉스,DXSH2115N,GRL,245,270,0,0
X,Shoes,SH,신발,공용,조거 플렉스,DXSH2115N,GRL,250,230,0,0
X,Shoes,SH,신발,공용,조거 플렉스,DXSH2115N,GRL,255,150,0,0
X,Shoes,SH,신발,공용,조거 플렉스,DXSH2115N,GRL,260,230,0,0
X,Shoes,SH,신발,공용,조거 플렉스,DXSH2115N,GRL,265,250,0,0
X,Shoes,SH,신발,공용,조거 플렉스,DXSH2115N,GRL,270,250,0,0
X,Shoes,SH,신발,공용,조거 플렉스,DXSH2115N,GRL,275,160,0,0
X,Shoes,SH,신발,공용,조거 플렉스,DXSH2115N,GRL,280,140,0,0
X,Shoes,SH,신발,공용,조거 플렉스,DXSH2115N,GRS,230,330,0,0
X,Shoes,SH,신발,공용,조거 플렉스,DXSH2115N,GRS,235,420,0,0
X,Shoes,SH,신발,공용,조거 플렉스,DXSH2115N,GRS,240,600,0,0
X,Shoes,SH,신발,공용,조거 플렉스,DXSH2115N,GRS,245,440,0,0
X,Shoes,SH,신발,공용,조거 플렉스,DXSH2115N,GRS,250,370,0,0
X,Shoes,SH,신발,공용,조거 플렉스,DXSH2115N,GRS,255,230,0,0
X,Shoes,SH,신발,공용,조거 플렉스,DXSH2115N,GRS,260,330,0,0
X,Shoes,SH,신발,공용,조거 플렉스,DXSH2115N,GRS,265,380,0,0
X,Shoes,SH,신발,공용,조거 플렉스,DXSH2115N,GRS,270,360,0,0
X,Shoes,SH,신발,공용,조거 플렉스,DXSH2115N,GRS,275,270,0,0
X,Shoes,SH,신발,공용,조거 플렉스,DXSH2115N,GRS,280,270,0,0
X,Shoes,SH,신발,공용,조거 플렉스,DXSH2115N,PKL,225,120,0,0
X,Shoes,SH,신발,공용,조거 플렉스,DXSH2115N,PKL,230,290,0,0
X,Shoes,SH,신발,공용,조거 플렉스,DXSH2115N,PKL,235,390,0,0
X,Shoes,SH,신발,공용,조거 플렉스,DXSH2115N,PKL,240,520,0,0
X,Shoes,SH,신발,공용,조거 플렉스,DXSH2115N,PKL,245,350,0,0
X,Shoes,SH,신발,공용,조거 플렉스,DXSH2115N,PKL,250,270,0,0
X,Shoes,SH,신발,공용,조거 플렉스,DXSH2115N,PKL,255,60,0,0
X,Shoes,SH,신발,공용,조거 플렉스,DXSH2115N,ZBS,230,210,0,0
X,Shoes,SH,신발,공용,조거 플렉스,DXSH2115N,ZBS,235,290,0,0
X,Shoes,SH,신발,공용,조거 플렉스,DXSH2115N,ZBS,240,400,0,0
X,Shoes,SH,신발,공용,조거 플렉스,DXSH2115N,ZBS,245,280,0,0
X,Shoes,SH,신발,공용,조거 플렉스,DXSH2115N,ZBS,250,260,0,0
X,Shoes,SH,신발,공용,조거 플렉스,DXSH2115N,ZBS,255,190,0,0
X,Shoes,SH,신발,공용,조거 플렉스,DXSH2115N,ZBS,260,300,0,0
X,Shoes,SH,신발,공용,조거 플렉스,DXSH2115N,ZBS,265,340,0,0
X,Shoes,SH,신발,공용,조거 플렉스,DXSH2115N,ZBS,270,340,0,0
X,Shoes,SH,신발,공용,조거 플렉스,DXSH2115N,ZBS,275,210,0,0
X,Shoes,SH,신발,공용,조거 플렉스,DXSH2115N,ZBS,280,180,0,0
X,Shoes,SH,신발,공용,브릭,DXSH3115N,BEM,230,0,65,59
X,Shoes,SH,신발,공용,브릭,DXSH3115N,BEM,235,0,88,85
X,Shoes,SH,신발,공용,브릭,DXSH3115N,BEM,240,0,109,104
X,Shoes,SH,신발,공용,브릭,DXSH3115N,BEM,245,0,66,63
X,Shoes,SH,신발,공용,브릭,DXSH3115N,BEM,250,0,85,84
X,Shoes,SH,신발,공용,브릭,DXSH3115N,BEM,255,0,67,66
X,Shoes,SH,신발,공용,브릭,DXSH3115N,BEM,260,0,102,101
X,Shoes,SH,신발,공용,브릭,DXSH3115N,BEM,265,0,116,112
X,Shoes,SH,신발,공용,브릭,DXSH3115N,BEM,270,0,103,99
X,Shoes,SH,신발,공용,브릭,DXSH3115N,BEM,275,0,41,41
X,Shoes,SH,신발,공용,브릭,DXSH3115N,BEM,280,0,46,46
X,Shoes,SH,신발,공용,브릭,DXSH3115N,BKL,230,0,274,52
X,Shoes,SH,신발,공용,브릭,DXSH3115N,BKL,235,0,323,53
X,Shoes,SH,신발,공용,브릭,DXSH3115N,BKL,240,0,457,95
X,Shoes,SH,신발,공용,브릭,DXSH3115N,BKL,245,0,306,77
X,Shoes,SH,신발,공용,브릭,DXSH3115N,BKL,250,0,283,106
X,Shoes,SH,신발,공용,브릭,DXSH3115N,BKL,255,0,133,84
X,Shoes,SH,신발,공용,브릭,DXSH3115N,BKL,260,0,172,113
X,Shoes,SH,신발,공용,브릭,DXSH3115N,BKL,265,0,184,115
X,Shoes,SH,신발,공용,브릭,DXSH3115N,BKL,270,0,200,103
X,Shoes,SH,신발,공용,브릭,DXSH3115N,BKL,275,0,102,48
X,Shoes,SH,신발,공용,브릭,DXSH3115N,BKL,280,0,101,39
X,Shoes,SH,신발,공용,브릭,DXSH3115N,GRL,230,250,0,0
X,Shoes,SH,신발,공용,브릭,DXSH3115N,GRL,235,280,0,0
X,Shoes,SH,신발,공용,브릭,DXSH3115N,GRL,240,440,0,0
X,Shoes,SH,신발,공용,브릭,DXSH3115N,GRL,245,300,0,0
X,Shoes,SH,신발,공용,브릭,DXSH3115N,GRL,250,280,0,0
X,Shoes,SH,신발,공용,브릭,DXSH3115N,GRL,255,150,0,0
X,Shoes,SH,신발,공용,브릭,DXSH3115N,GRL,260,220,0,0
X,Shoes,SH,신발,공용,브릭,DXSH3115N,GRL,265,180,0,0
X,Shoes,SH,신발,공용,브릭,DXSH3115N,GRL,270,180,0,0
X,Shoes,SH,신발,공용,브릭,DXSH3115N,GRL,275,110,0,0
X,Shoes,SH,신발,공용,브릭,DXSH3115N,GRL,280,110,0,0
X,Shoes,SH,신발,공용,브릭,DXSH3115N,WHS,230,300,0,0
X,Shoes,SH,신발,공용,브릭,DXSH3115N,WHS,235,330,0,0
X,Shoes,SH,신발,공용,브릭,DXSH3115N,WHS,240,530,0,0
X,Shoes,SH,신발,공용,브릭,DXSH3115N,WHS,245,380,0,0
X,Shoes,SH,신발,공용,브릭,DXSH3115N,WHS,250,330,0,0
X,Shoes,SH,신발,공용,브릭,DXSH3115N,WHS,255,180,0,0
X,Shoes,SH,신발,공용,브릭,DXSH3115N,WHS,260,250,0,0
X,Shoes,SH,신발,공용,브릭,DXSH3115N,WHS,265,220,0,0
X,Shoes,SH,신발,공용,브릭,DXSH3115N,WHS,270,220,0,0
X,Shoes,SH,신발,공용,브릭,DXSH3115N,WHS,275,130,0,0
X,Shoes,SH,신발,공용,브릭,DXSH3115N,WHS,280,130,0,0
X,Shoes,SH,신발,공용,글라이드 비브람,DXSH4015N,BKS,230,80,79,2
X,Shoes,SH,신발,공용,글라이드 비브람,DXSH4015N,BKS,235,120,120,6
X,Shoes,SH,신발,공용,글라이드 비브람,DXSH4015N,BKS,240,170,170,15
X,Shoes,SH,신발,공용,글라이드 비브람,DXSH4015N,BKS,245,190,190,17
X,Shoes,SH,신발,공용,글라이드 비브람,DXSH4015N,BKS,250,140,139,22
X,Shoes,SH,신발,공용,글라이드 비브람,DXSH4015N,BKS,260,350,348,63
X,Shoes,SH,신발,공용,글라이드 비브람,DXSH4015N,BKS,270,450,448,93
X,Shoes,SH,신발,공용,글라이드 비브람,DXSH4015N,BKS,280,200,200,46
X,Shoes,SH,신발,공용,글라이드 비브람,DXSH4015N,GRS,230,90,89,6
X,Shoes,SH,신발,공용,글라이드 비브람,DXSH4015N,GRS,235,120,120,9
X,Shoes,SH,신발,공용,글라이드 비브람,DXSH4015N,GRS,240,170,169,32
X,Shoes,SH,신발,공용,글라이드 비브람,DXSH4015N,GRS,245,200,200,22
X,Shoes,SH,신발,공용,글라이드 비브람,DXSH4015N,GRS,250,180,179,32
X,Shoes,SH,신발,공용,글라이드 비브람,DXSH4015N,GRS,260,250,249,68
X,Shoes,SH,신발,공용,글라이드 비브람,DXSH4015N,GRS,270,320,318,95
X,Shoes,SH,신발,공용,글라이드 비브람,DXSH4015N,GRS,280,170,168,42
X,Shoes,SH,신발,공용,글라이드 비브람,DXSH4015N,KAS,235,0,0,0
X,Shoes,SH,신발,공용,글라이드 비브람,DXSH4015N,KAS,240,0,0,0
X,Shoes,SH,신발,공용,글라이드 비브람,DXSH4015N,KAS,250,0,0,0
X,Shoes,SH,신발,공용,글라이드 비브람,DXSH4015N,KAS,260,0,0,0
X,Shoes,SH,신발,공용,글라이드 비브람,DXSH4015N,KAS,270,0,0,0
X,Shoes,SH,신발,공용,글라이드 비브람,DXSH4015N,KAS,280,0,0,0
X,Shoes,SH,신발,공용,글라이드 비브람,DXSH4015N,WHS,230,150,149,10
X,Shoes,SH,신발,공용,글라이드 비브람,DXSH4015N,WHS,235,330,325,35
X,Shoes,SH,신발,공용,글라이드 비브람,DXSH4015N,WHS,240,450,446,43
X,Shoes,SH,신발,공용,글라이드 비브람,DXSH4015N,WHS,245,470,470,26
X,Shoes,SH,신발,공용,글라이드 비브람,DXSH4015N,WHS,250,370,369,43
X,Shoes,SH,신발,공용,글라이드 비브람,DXSH4015N,WHS,260,440,439,70
X,Shoes,SH,신발,공용,글라이드 비브람,DXSH4015N,WHS,270,390,389,83
X,Shoes,SH,신발,공용,글라이드 비브람,DXSH4015N,WHS,280,200,200,42
X,Shoes,SH,신발,공용,글라이드 비브람,DXSH4025N,BLD,230,50,50,4
X,Shoes,SH,신발,공용,글라이드 비브람,DXSH4025N,BLD,240,130,128,5
X,Shoes,SH,신발,공용,글라이드 비브람,DXSH4025N,BLD,250,140,133,7
X,Shoes,SH,신발,공용,글라이드 비브람,DXSH4025N,BLD,260,80,76,3
X,Shoes,SH,신발,공용,글라이드 비브람,DXSH4025N,BLD,270,60,54,3
X,Shoes,SH,신발,공용,글라이드 비브람,DXSH4025N,BLD,280,40,40,1
X,Shoes,SH,신발,공용,글라이드 비브람,DXSH4025N,RDD,235,0,0,0
X,Shoes,SH,신발,공용,글라이드 비브람,DXSH4025N,RDD,240,0,0,0
X,Shoes,SH,신발,공용,글라이드 비브람,DXSH4025N,RDD,250,0,0,0
X,Shoes,SH,신발,공용,글라이드 비브람,DXSH4025N,RDD,260,0,0,0
X,Shoes,SH,신발,공용,글라이드 비브람,DXSH4025N,RDD,270,0,0,0
X,Shoes,SH,신발,공용,글라이드 비브람,DXSH4025N,RDD,280,0,0,0
X,Shoes,SH,신발,공용,버킷 마운틴 LT,DXSH4115N,BES,230,250,375,196
X,Shoes,SH,신발,공용,버킷 마운틴 LT,DXSH4115N,BES,235,450,634,306
X,Shoes,SH,신발,공용,버킷 마운틴 LT,DXSH4115N,BES,240,700,1013,478
X,Shoes,SH,신발,공용,버킷 마운틴 LT,DXSH4115N,BES,245,550,838,412
X,Shoes,SH,신발,공용,버킷 마운틴 LT,DXSH4115N,BES,250,550,772,370
X,Shoes,SH,신발,공용,버킷 마운틴 LT,DXSH4115N,BES,255,300,464,230
X,Shoes,SH,신발,공용,버킷 마운틴 LT,DXSH4115N,BES,260,300,503,288
X,Shoes,SH,신발,공용,버킷 마운틴 LT,DXSH4115N,BES,265,300,483,290
X,Shoes,SH,신발,공용,버킷 마운틴 LT,DXSH4115N,BES,270,350,532,290
X,Shoes,SH,신발,공용,버킷 마운틴 LT,DXSH4115N,BES,275,200,304,158
X,Shoes,SH,신발,공용,버킷 마운틴 LT,DXSH4115N,BES,280,150,238,144
X,Shoes,SH,신발,공용,버킷 마운틴 LT,DXSH4115N,BLL,230,380,0,0
X,Shoes,SH,신발,공용,버킷 마운틴 LT,DXSH4115N,BLL,235,560,0,0
X,Shoes,SH,신발,공용,버킷 마운틴 LT,DXSH4115N,BLL,240,970,0,0
X,Shoes,SH,신발,공용,버킷 마운틴 LT,DXSH4115N,BLL,245,830,0,0
X,Shoes,SH,신발,공용,버킷 마운틴 LT,DXSH4115N,BLL,250,690,0,0
X,Shoes,SH,신발,공용,버킷 마운틴 LT,DXSH4115N,BLL,255,300,0,0
X,Shoes,SH,신발,공용,버킷 마운틴 LT,DXSH4115N,BLL,260,300,0,0
X,Shoes,SH,신발,공용,버킷 마운틴 LT,DXSH4115N,BLL,265,270,0,0
X,Shoes,SH,신발,공용,버킷 마운틴 LT,DXSH4115N,BLL,270,310,0,0
X,Shoes,SH,신발,공용,버킷 마운틴 LT,DXSH4115N,BLL,275,210,0,0
X,Shoes,SH,신발,공용,버킷 마운틴 LT,DXSH4115N,BLL,280,180,0,0
X,Shoes,SH,신발,공용,버킷 마운틴 LT,DXSH4115N,BRS,230,0,120,102
X,Shoes,SH,신발,공용,버킷 마운틴 LT,DXSH4115N,BRS,235,0,160,139
X,Shoes,SH,신발,공용,버킷 마운틴 LT,DXSH4115N,BRS,240,0,249,231
X,Shoes,SH,신발,공용,버킷 마운틴 LT,DXSH4115N,BRS,245,0,180,159
X,Shoes,SH,신발,공용,버킷 마운틴 LT,DXSH4115N,BRS,250,0,172,157
X,Shoes,SH,신발,공용,버킷 마운틴 LT,DXSH4115N,BRS,255,0,80,66
X,Shoes,SH,신발,공용,버킷 마운틴 LT,DXSH4115N,BRS,260,0,39,38
X,Shoes,SH,신발,공용,버킷 마운틴 LT,DXSH4115N,GRL,230,180,0,0
X,Shoes,SH,신발,공용,버킷 마운틴 LT,DXSH4115N,GRL,235,260,0,0
X,Shoes,SH,신발,공용,버킷 마운틴 LT,DXSH4115N,GRL,240,430,0,0
X,Shoes,SH,신발,공용,버킷 마운틴 LT,DXSH4115N,GRL,245,380,0,0
X,Shoes,SH,신발,공용,버킷 마운틴 LT,DXSH4115N,GRL,250,330,0,0
X,Shoes,SH,신발,공용,버킷 마운틴 LT,DXSH4115N,GRL,255,200,0,0
X,Shoes,SH,신발,공용,버킷 마운틴 LT,DXSH4115N,GRL,260,190,0,0
X,Shoes,SH,신발,공용,버킷 마운틴 LT,DXSH4115N,GRL,265,170,0,0
X,Shoes,SH,신발,공용,버킷 마운틴 LT,DXSH4115N,GRL,270,160,0,0
X,Shoes,SH,신발,공용,버킷 마운틴 LT,DXSH4115N,GRL,275,100,0,0
X,Shoes,SH,신발,공용,버킷 마운틴 LT,DXSH4115N,GRL,280,100,0,0
X,Shoes,SH,신발,공용,버킷 마운틴 LT,DXSH4115N,GRS,230,425,600,270
X,Shoes,SH,신발,공용,버킷 마운틴 LT,DXSH4115N,GRS,235,600,888,386
X,Shoes,SH,신발,공용,버킷 마운틴 LT,DXSH4115N,GRS,240,1050,1525,622
X,Shoes,SH,신발,공용,버킷 마운틴 LT,DXSH4115N,GRS,245,925,1365,518
X,Shoes,SH,신발,공용,버킷 마운틴 LT,DXSH4115N,GRS,250,775,1117,470
X,Shoes,SH,신발,공용,버킷 마운틴 LT,DXSH4115N,GRS,255,575,787,297
X,Shoes,SH,신발,공용,버킷 마운틴 LT,DXSH4115N,GRS,260,725,935,307
X,Shoes,SH,신발,공용,버킷 마운틴 LT,DXSH4115N,GRS,265,700,891,340
X,Shoes,SH,신발,공용,버킷 마운틴 LT,DXSH4115N,GRS,270,675,866,285
X,Shoes,SH,신발,공용,버킷 마운틴 LT,DXSH4115N,GRS,275,350,476,190
X,Shoes,SH,신발,공용,버킷 마운틴 LT,DXSH4115N,GRS,280,300,390,130
X,Shoes,SH,신발,공용,버킷 마운틴 LT,DXSH4115N,NYL,230,240,0,0
X,Shoes,SH,신발,공용,버킷 마운틴 LT,DXSH4115N,NYL,235,360,0,0
X,Shoes,SH,신발,공용,버킷 마운틴 LT,DXSH4115N,NYL,240,660,0,0
X,Shoes,SH,신발,공용,버킷 마운틴 LT,DXSH4115N,NYL,245,550,0,0
X,Shoes,SH,신발,공용,버킷 마운틴 LT,DXSH4115N,NYL,250,450,0,0
X,Shoes,SH,신발,공용,버킷 마운틴 LT,DXSH4115N,NYL,255,290,0,0
X,Shoes,SH,신발,공용,버킷 마운틴 LT,DXSH4115N,NYL,260,370,0,0
X,Shoes,SH,신발,공용,버킷 마운틴 LT,DXSH4115N,NYL,265,330,0,0
X,Shoes,SH,신발,공용,버킷 마운틴 LT,DXSH4115N,NYL,270,370,0,0
X,Shoes,SH,신발,공용,버킷 마운틴 LT,DXSH4115N,NYL,275,190,0,0
X,Shoes,SH,신발,공용,버킷 마운틴 LT,DXSH4115N,NYL,280,190,0,0
X,Shoes,SH,신발,공용,그라나다 트레일 비브람,DXSH4205N,BGS,230,0,165,17
X,Shoes,SH,신발,공용,그라나다 트레일 비브람,DXSH4205N,BGS,235,0,180,26
X,Shoes,SH,신발,공용,그라나다 트레일 비브람,DXSH4205N,BGS,240,0,209,26
X,Shoes,SH,신발,공용,그라나다 트레일 비브람,DXSH4205N,BGS,245,0,185,32
X,Shoes,SH,신발,공용,그라나다 트레일 비브람,DXSH4205N,BGS,250,0,177,31
X,Shoes,SH,신발,공용,그라나다 트레일 비브람,DXSH4205N,BGS,260,0,188,50
X,Shoes,SH,신발,공용,그라나다 트레일 비브람,DXSH4205N,BGS,265,0,199,44
X,Shoes,SH,신발,공용,그라나다 트레일 비브람,DXSH4205N,BGS,270,0,163,38
X,Shoes,SH,신발,공용,그라나다 트레일 비브람,DXSH4205N,BGS,280,0,152,25
X,Shoes,SH,신발,공용,그라나다 트레일 비브람,DXSH4205N,BKS,230,0,99,25
X,Shoes,SH,신발,공용,그라나다 트레일 비브람,DXSH4205N,BKS,240,0,124,37
X,Shoes,SH,신발,공용,그라나다 트레일 비브람,DXSH4205N,BKS,250,0,76,38
X,Shoes,SH,신발,공용,그라나다 트레일 비브람,DXSH4205N,BKS,260,0,162,121
X,Shoes,SH,신발,공용,그라나다 트레일 비브람,DXSH4205N,BKS,265,0,209,117
X,Shoes,SH,신발,공용,그라나다 트레일 비브람,DXSH4205N,BKS,270,0,195,130
X,Shoes,SH,신발,공용,그라나다 트레일 비브람,DXSH4205N,BKS,280,0,151,100
X,Shoes,SH,신발,공용,그라나다 트레일 비브람,DXSH4205N,WHS,230,0,188,23
X,Shoes,SH,신발,공용,그라나다 트레일 비브람,DXSH4205N,WHS,235,0,224,30
X,Shoes,SH,신발,공용,그라나다 트레일 비브람,DXSH4205N,WHS,240,0,267,55
X,Shoes,SH,신발,공용,그라나다 트레일 비브람,DXSH4205N,WHS,245,0,212,38
X,Shoes,SH,신발,공용,그라나다 트레일 비브람,DXSH4205N,WHS,250,0,191,50
X,Shoes,SH,신발,공용,그라나다 트레일 비브람,DXSH4205N,WHS,260,0,188,67
X,Shoes,SH,신발,공용,그라나다 트레일 비브람,DXSH4205N,WHS,270,0,175,51
X,Shoes,SH,신발,공용,그라나다 트레일 비브람,DXSH4205N,WHS,280,0,141,28
X,Shoes,SH,신발,공용,그라나다 트레일 비브람,DXSH4205N,YGD,230,0,80,20
X,Shoes,SH,신발,공용,그라나다 트레일 비브람,DXSH4205N,YGD,240,0,146,50
X,Shoes,SH,신발,공용,그라나다 트레일 비브람,DXSH4205N,YGD,250,0,94,52
X,Shoes,SH,신발,공용,그라나다 트레일 비브람,DXSH4205N,YGD,260,0,73,45
X,Shoes,SH,신발,공용,그라나다 트레일 비브람,DXSH4205N,YGD,270,0,134,67
X,Shoes,SH,신발,공용,그라나다 트레일 비브람,DXSH4205N,YGD,280,0,92,27
X,Shoes,SH,신발,공용,미스티 투어링 비브람,DXSH4305N,BKS,230,0,214,19
X,Shoes,SH,신발,공용,미스티 투어링 비브람,DXSH4305N,BKS,235,0,209,22
X,Shoes,SH,신발,공용,미스티 투어링 비브람,DXSH4305N,BKS,240,0,294,26
X,Shoes,SH,신발,공용,미스티 투어링 비브람,DXSH4305N,BKS,245,0,193,32
X,Shoes,SH,신발,공용,미스티 투어링 비브람,DXSH4305N,BKS,250,0,144,57
X,Shoes,SH,신발,공용,미스티 투어링 비브람,DXSH4305N,BKS,260,0,184,79
X,Shoes,SH,신발,공용,미스티 투어링 비브람,DXSH4305N,BKS,265,0,283,98
X,Shoes,SH,신발,공용,미스티 투어링 비브람,DXSH4305N,BKS,270,0,260,95
X,Shoes,SH,신발,공용,미스티 투어링 비브람,DXSH4305N,BKS,280,0,167,62
X,Shoes,SH,신발,공용,미스티 투어링 비브람,DXSH4305N,WHS,230,0,208,30
X,Shoes,SH,신발,공용,미스티 투어링 비브람,DXSH4305N,WHS,235,0,327,42
X,Shoes,SH,신발,공용,미스티 투어링 비브람,DXSH4305N,WHS,240,0,362,45
X,Shoes,SH,신발,공용,미스티 투어링 비브람,DXSH4305N,WHS,245,0,325,39
X,Shoes,SH,신발,공용,미스티 투어링 비브람,DXSH4305N,WHS,250,0,282,43
X,Shoes,SH,신발,공용,미스티 투어링 비브람,DXSH4305N,WHS,260,0,237,34
X,Shoes,SH,신발,공용,미스티 투어링 비브람,DXSH4305N,WHS,265,0,288,32
X,Shoes,SH,신발,공용,미스티 투어링 비브람,DXSH4305N,WHS,270,0,267,52
X,Shoes,SH,신발,공용,미스티 투어링 비브람,DXSH4305N,WHS,280,0,188,17
X,Shoes,SH,신발,공용,미스티 투어링 비브람,DXSH4305N,YGD,230,0,68,9
X,Shoes,SH,신발,공용,미스티 투어링 비브람,DXSH4305N,YGD,240,0,128,25
X,Shoes,SH,신발,공용,미스티 투어링 비브람,DXSH4305N,YGD,250,0,82,14
X,Shoes,SH,신발,공용,미스티 투어링 비브람,DXSH4305N,YGD,260,0,120,39
X,Shoes,SH,신발,공용,미스티 투어링 비브람,DXSH4305N,YGD,270,0,157,38
X,Shoes,SH,신발,공용,미스티 투어링 비브람,DXSH4305N,YGD,280,0,80,18
X,Shoes,SH,신발,공용,반슬리 트레일,DXSH4915N,BKD,230,0,56,13
X,Shoes,SH,신발,공용,반슬리 트레일,DXSH4915N,BKD,240,0,84,31
X,Shoes,SH,신발,공용,반슬리 트레일,DXSH4915N,BKD,250,0,58,27
X,Shoes,SH,신발,공용,반슬리 트레일,DXSH4915N,BKD,260,0,48,41
X,Shoes,SH,신발,공용,반슬리 트레일,DXSH4915N,BKD,265,0,140,82
X,Shoes,SH,신발,공용,반슬리 트레일,DXSH4915N,BKD,270,0,97,66
X,Shoes,SH,신발,공용,반슬리 트레일,DXSH4915N,BKD,275,0,52,23
X,Shoes,SH,신발,공용,반슬리 트레일,DXSH4915N,BKD,280,0,0,0
X,Shoes,SH,신발,공용,하이크 플로우,DXSH5115N,BKS,230,200,66,2
X,Shoes,SH,신발,공용,하이크 플로우,DXSH5115N,BKS,235,200,114,10
X,Shoes,SH,신발,공용,하이크 플로우,DXSH5115N,BKS,240,350,212,17
X,Shoes,SH,신발,공용,하이크 플로우,DXSH5115N,BKS,245,200,95,13
X,Shoes,SH,신발,공용,하이크 플로우,DXSH5115N,BKS,250,300,231,29
X,Shoes,SH,신발,공용,하이크 플로우,DXSH5115N,BKS,255,250,150,41
X,Shoes,SH,신발,공용,하이크 플로우,DXSH5115N,BKS,260,350,258,58
X,Shoes,SH,신발,공용,하이크 플로우,DXSH5115N,BKS,265,350,248,54
X,Shoes,SH,신발,공용,하이크 플로우,DXSH5115N,BKS,270,450,298,66
X,Shoes,SH,신발,공용,하이크 플로우,DXSH5115N,BKS,275,200,156,36
X,Shoes,SH,신발,공용,하이크 플로우,DXSH5115N,BKS,280,150,73,22
X,Shoes,SH,신발,공용,하이크 플로우,DXSH5115N,WHS,230,250,244,16
X,Shoes,SH,신발,공용,하이크 플로우,DXSH5115N,WHS,235,300,290,26
X,Shoes,SH,신발,공용,하이크 플로우,DXSH5115N,WHS,240,550,542,30
X,Shoes,SH,신발,공용,하이크 플로우,DXSH5115N,WHS,245,350,329,27
X,Shoes,SH,신발,공용,하이크 플로우,DXSH5115N,WHS,250,400,383,23
X,Shoes,SH,신발,공용,하이크 플로우,DXSH5115N,WHS,255,350,344,16
X,Shoes,SH,신발,공용,하이크 플로우,DXSH5115N,WHS,260,400,380,21
X,Shoes,SH,신발,공용,하이크 플로우,DXSH5115N,WHS,265,400,388,22
X,Shoes,SH,신발,공용,하이크 플로우,DXSH5115N,WHS,270,550,523,21
X,Shoes,SH,신발,공용,하이크 플로우,DXSH5115N,WHS,275,250,236,14
X,Shoes,SH,신발,공용,하이크 플로우,DXSH5115N,WHS,280,200,189,16
X,Shoes,SH,신발,공용,하이크 플로우,DXSH5125N,KAS,230,50,15,0
X,Shoes,SH,신발,공용,하이크 플로우,DXSH5125N,KAS,240,50,22,0
X,Shoes,SH,신발,공용,하이크 플로우,DXSH5125N,KAS,250,100,38,0
X,Shoes,SH,신발,공용,하이크 플로우,DXSH5125N,KAS,260,100,34,1
X,Shoes,SH,신발,공용,하이크 플로우,DXSH5125N,KAS,270,150,79,4
X,Shoes,SH,신발,공용,하이크 플로우,DXSH5125N,KAS,280,50,15,1
X,Shoes,SH,신발,공용,블리츠,DXSH5135N,BKS,230,200,200,4
X,Shoes,SH,신발,공용,블리츠,DXSH5135N,BKS,235,250,250,10
X,Shoes,SH,신발,공용,블리츠,DXSH5135N,BKS,240,550,549,13
X,Shoes,SH,신발,공용,블리츠,DXSH5135N,BKS,245,300,300,14
X,Shoes,SH,신발,공용,블리츠,DXSH5135N,BKS,250,500,500,35
X,Shoes,SH,신발,공용,블리츠,DXSH5135N,BKS,255,350,350,39
X,Shoes,SH,신발,공용,블리츠,DXSH5135N,BKS,260,500,500,51
X,Shoes,SH,신발,공용,블리츠,DXSH5135N,BKS,265,450,450,68
X,Shoes,SH,신발,공용,블리츠,DXSH5135N,BKS,270,550,549,56
X,Shoes,SH,신발,공용,블리츠,DXSH5135N,BKS,275,200,198,25
X,Shoes,SH,신발,공용,블리츠,DXSH5135N,BKS,280,150,147,22
X,Shoes,SH,신발,공용,블리츠,DXSH5135N,WHS,230,200,200,20
X,Shoes,SH,신발,공용,블리츠,DXSH5135N,WHS,235,300,300,24
X,Shoes,SH,신발,공용,블리츠,DXSH5135N,WHS,240,450,449,35
X,Shoes,SH,신발,공용,블리츠,DXSH5135N,WHS,245,350,350,28
X,Shoes,SH,신발,공용,블리츠,DXSH5135N,WHS,250,300,299,32
X,Shoes,SH,신발,공용,블리츠,DXSH5135N,WHS,255,200,200,42
X,Shoes,SH,신발,공용,블리츠,DXSH5135N,WHS,260,350,350,67
X,Shoes,SH,신발,공용,블리츠,DXSH5135N,WHS,265,250,250,61
X,Shoes,SH,신발,공용,블리츠,DXSH5135N,WHS,270,400,399,55
X,Shoes,SH,신발,공용,블리츠,DXSH5135N,WHS,275,100,99,26
X,Shoes,SH,신발,공용,블리츠,DXSH5135N,WHS,280,100,97,27
X,Shoes,SH,신발,공용,이지 플로우,DXSH5145N,BKS,230,80,79,4
X,Shoes,SH,신발,공용,이지 플로우,DXSH5145N,BKS,240,160,164,28
X,Shoes,SH,신발,공용,이지 플로우,DXSH5145N,BKS,250,210,212,49
X,Shoes,SH,신발,공용,이지 플로우,DXSH5145N,BKS,255,230,229,39
X,Shoes,SH,신발,공용,이지 플로우,DXSH5145N,BKS,260,340,335,88
X,Shoes,SH,신발,공용,이지 플로우,DXSH5145N,BKS,265,370,371,108
X,Shoes,SH,신발,공용,이지 플로우,DXSH5145N,BKS,270,330,331,111
X,Shoes,SH,신발,공용,이지 플로우,DXSH5145N,BKS,280,180,180,64
X,Shoes,SH,신발,공용,이지 플로우,DXSH5145N,WHS,230,180,178,24
X,Shoes,SH,신발,공용,이지 플로우,DXSH5145N,WHS,240,350,344,63
X,Shoes,SH,신발,공용,이지 플로우,DXSH5145N,WHS,245,260,258,40
X,Shoes,SH,신발,공용,이지 플로우,DXSH5145N,WHS,250,300,299,54
X,Shoes,SH,신발,공용,이지 플로우,DXSH5145N,WHS,260,370,361,57
X,Shoes,SH,신발,공용,이지 플로우,DXSH5145N,WHS,265,360,351,57
X,Shoes,SH,신발,공용,이지 플로우,DXSH5145N,WHS,270,300,295,51
X,Shoes,SH,신발,공용,이지 플로우,DXSH5145N,WHS,280,180,180,28
X,Shoes,SH,신발,공용,벨리스,DXSH5155N,BGL,230,300,304,6
X,Shoes,SH,신발,공용,벨리스,DXSH5155N,BGL,235,300,303,7
X,Shoes,SH,신발,공용,벨리스,DXSH5155N,BGL,240,600,603,14
X,Shoes,SH,신발,공용,벨리스,DXSH5155N,BGL,245,300,302,5
X,Shoes,SH,신발,공용,벨리스,DXSH5155N,BGL,250,500,502,7
X,Shoes,SH,신발,공용,벨리스,DXSH5155N,BKS,230,150,149,14
X,Shoes,SH,신발,공용,벨리스,DXSH5155N,BKS,235,200,200,16
X,Shoes,SH,신발,공용,벨리스,DXSH5155N,BKS,240,500,498,34
X,Shoes,SH,신발,공용,벨리스,DXSH5155N,BKS,245,350,347,21
X,Shoes,SH,신발,공용,벨리스,DXSH5155N,BKS,250,450,449,29
X,Shoes,SH,신발,공용,벨리스,DXSH5155N,BKS,255,200,197,31
X,Shoes,SH,신발,공용,벨리스,DXSH5155N,BKS,260,250,243,39
X,Shoes,SH,신발,공용,벨리스,DXSH5155N,BKS,265,250,243,39
X,Shoes,SH,신발,공용,벨리스,DXSH5155N,BKS,270,350,344,45
X,Shoes,SH,신발,공용,벨리스,DXSH5155N,BKS,275,200,195,24
X,Shoes,SH,신발,공용,벨리스,DXSH5155N,BKS,280,100,100,14
X,Shoes,SH,신발,공용,벨리스,DXSH5155N,PPS,235,0,0,0
X,Shoes,SH,신발,공용,벨리스,DXSH5155N,PPS,240,0,0,0
X,Shoes,SH,신발,공용,벨리스,DXSH5155N,PPS,250,0,0,0
X,Shoes,SH,신발,공용,벨리스,DXSH5155N,PPS,260,0,0,0
X,Shoes,SH,신발,공용,벨리스,DXSH5155N,PPS,270,0,0,0
X,Shoes,SH,신발,공용,벨리스,DXSH5155N,WHS,230,300,293,17
X,Shoes,SH,신발,공용,벨리스,DXSH5155N,WHS,235,500,501,19
X,Shoes,SH,신발,공용,벨리스,DXSH5155N,WHS,240,800,794,34
X,Shoes,SH,신발,공용,벨리스,DXSH5155N,WHS,245,600,597,18
X,Shoes,SH,신발,공용,벨리스,DXSH5155N,WHS,250,750,746,28
X,Shoes,SH,신발,공용,벨리스,DXSH5155N,WHS,255,300,297,16
X,Shoes,SH,신발,공용,벨리스,DXSH5155N,WHS,260,400,396,26
X,Shoes,SH,신발,공용,벨리스,DXSH5155N,WHS,265,300,298,29
X,Shoes,SH,신발,공용,벨리스,DXSH5155N,WHS,270,300,301,20
X,Shoes,SH,신발,공용,벨리스,DXSH5155N,WHS,275,150,151,14
X,Shoes,SH,신발,공용,벨리스,DXSH5155N,WHS,280,100,102,14
X,Shoes,SH,신발,공용,벨리스,DXSH5165N,LVL,230,200,182,13
X,Shoes,SH,신발,공용,벨리스,DXSH5165N,LVL,235,200,163,14
X,Shoes,SH,신발,공용,벨리스,DXSH5165N,LVL,240,500,441,36
X,Shoes,SH,신발,공용,벨리스,DXSH5165N,LVL,245,200,162,18
X,Shoes,SH,신발,공용,벨리스,DXSH5165N,LVL,250,400,363,27
X,Shoes,SH,신발,공용,볼트,DXSH5215N,BES,230,130,130,42
X,Shoes,SH,신발,공용,볼트,DXSH5215N,BES,235,200,197,59
X,Shoes,SH,신발,공용,볼트,DXSH5215N,BES,240,340,340,94
X,Shoes,SH,신발,공용,볼트,DXSH5215N,BES,245,290,292,92
X,Shoes,SH,신발,공용,볼트,DXSH5215N,BES,250,250,250,69
X,Shoes,SH,신발,공용,볼트,DXSH5215N,BES,255,150,149,40
X,Shoes,SH,신발,공용,볼트,DXSH5215N,BES,260,200,189,36
X,Shoes,SH,신발,공용,볼트,DXSH5215N,BES,265,220,220,47
X,Shoes,SH,신발,공용,볼트,DXSH5215N,BES,270,200,199,56
X,Shoes,SH,신발,공용,볼트,DXSH5215N,BES,275,130,130,29
X,Shoes,SH,신발,공용,볼트,DXSH5215N,BES,280,90,86,32
X,Shoes,SH,신발,공용,볼트,DXSH5215N,WHS,230,300,299,50
X,Shoes,SH,신발,공용,볼트,DXSH5215N,WHS,235,420,413,68
X,Shoes,SH,신발,공용,볼트,DXSH5215N,WHS,240,660,661,113
X,Shoes,SH,신발,공용,볼트,DXSH5215N,WHS,245,450,450,88
X,Shoes,SH,신발,공용,볼트,DXSH5215N,WHS,250,360,358,80
X,Shoes,SH,신발,공용,볼트,DXSH5215N,WHS,255,220,219,59
X,Shoes,SH,신발,공용,볼트,DXSH5215N,WHS,260,320,320,66
X,Shoes,SH,신발,공용,볼트,DXSH5215N,WHS,265,330,328,57
X,Shoes,SH,신발,공용,볼트,DXSH5215N,WHS,270,370,370,78
X,Shoes,SH,신발,공용,볼트,DXSH5215N,WHS,275,220,218,38
X,Shoes,SH,신발,공용,볼트,DXSH5215N,WHS,280,150,151,54
X,Shoes,SH,신발,공용,볼트,DXSH5225N,BKS,230,110,108,48
X,Shoes,SH,신발,공용,볼트,DXSH5225N,BKS,235,160,154,54
X,Shoes,SH,신발,공용,볼트,DXSH5225N,BKS,240,210,207,77
X,Shoes,SH,신발,공용,볼트,DXSH5225N,BKS,245,200,194,64
X,Shoes,SH,신발,공용,볼트,DXSH5225N,BKS,250,190,190,70
X,Shoes,SH,신발,공용,볼트,DXSH5225N,BKS,255,180,177,58
X,Shoes,SH,신발,공용,볼트,DXSH5225N,BKS,260,270,263,113
X,Shoes,SH,신발,공용,볼트,DXSH5225N,BKS,265,340,334,120
X,Shoes,SH,신발,공용,볼트,DXSH5225N,BKS,270,320,319,110
X,Shoes,SH,신발,공용,볼트,DXSH5225N,BKS,275,210,202,78
X,Shoes,SH,신발,공용,볼트,DXSH5225N,BKS,280,110,104,38
X,Shoes,SH,신발,공용,볼트,DXSH5225N,GRS,230,70,70,16
X,Shoes,SH,신발,공용,볼트,DXSH5225N,GRS,235,100,101,20
X,Shoes,SH,신발,공용,볼트,DXSH5225N,GRS,240,150,148,45
X,Shoes,SH,신발,공용,볼트,DXSH5225N,GRS,245,100,101,35
X,Shoes,SH,신발,공용,볼트,DXSH5225N,GRS,250,150,150,46
X,Shoes,SH,신발,공용,볼트,DXSH5225N,GRS,255,140,130,43
X,Shoes,SH,신발,공용,볼트,DXSH5225N,GRS,260,270,270,78
X,Shoes,SH,신발,공용,볼트,DXSH5225N,GRS,265,310,307,110
X,Shoes,SH,신발,공용,볼트,DXSH5225N,GRS,270,220,217,79
X,Shoes,SH,신발,공용,볼트,DXSH5225N,GRS,275,120,120,52
X,Shoes,SH,신발,공용,볼트,DXSH5225N,GRS,280,70,69,36
X,Shoes,SH,신발,공용,트론,DXSH5235N,BKS,230,40,0,0
X,Shoes,SH,신발,공용,트론,DXSH5235N,BKS,235,40,0,0
X,Shoes,SH,신발,공용,트론,DXSH5235N,BKS,240,140,0,0
X,Shoes,SH,신발,공용,트론,DXSH5235N,BKS,245,150,0,0
X,Shoes,SH,신발,공용,트론,DXSH5235N,BKS,250,140,0,0
X,Shoes,SH,신발,공용,트론,DXSH5235N,BKS,255,70,0,0
X,Shoes,SH,신발,공용,트론,DXSH5235N,BKS,260,230,0,0
X,Shoes,SH,신발,공용,트론,DXSH5235N,BKS,265,240,0,0
X,Shoes,SH,신발,공용,트론,DXSH5235N,BKS,270,230,0,0
X,Shoes,SH,신발,공용,트론,DXSH5235N,BKS,275,130,0,0
X,Shoes,SH,신발,공용,트론,DXSH5235N,BKS,280,90,0,0
X,Shoes,SH,신발,공용,트론,DXSH5235N,WHS,230,100,0,0
X,Shoes,SH,신발,공용,트론,DXSH5235N,WHS,235,170,0,0
X,Shoes,SH,신발,공용,트론,DXSH5235N,WHS,240,330,0,0
X,Shoes,SH,신발,공용,트론,DXSH5235N,WHS,245,300,0,0
X,Shoes,SH,신발,공용,트론,DXSH5235N,WHS,250,230,0,0
X,Shoes,SH,신발,공용,트론,DXSH5235N,WHS,255,200,0,0
X,Shoes,SH,신발,공용,트론,DXSH5235N,WHS,260,350,0,0
X,Shoes,SH,신발,공용,트론,DXSH5235N,WHS,265,330,0,0
X,Shoes,SH,신발,공용,트론,DXSH5235N,WHS,270,300,0,0
X,Shoes,SH,신발,공용,트론,DXSH5235N,WHS,275,120,0,0
X,Shoes,SH,신발,공용,트론,DXSH5235N,WHS,280,70,0,0
X,Shoes,SH,신발,공용,웨이브 샌디 EZ,DXSH5245N,BKS,230,100,100,35
X,Shoes,SH,신발,공용,웨이브 샌디 EZ,DXSH5245N,BKS,235,0,0,0
X,Shoes,SH,신발,공용,웨이브 샌디 EZ,DXSH5245N,BKS,240,250,250,99
X,Shoes,SH,신발,공용,웨이브 샌디 EZ,DXSH5245N,BKS,245,0,0,0
X,Shoes,SH,신발,공용,웨이브 샌디 EZ,DXSH5245N,BKS,250,200,200,121
X,Shoes,SH,신발,공용,웨이브 샌디 EZ,DXSH5245N,BKS,260,250,250,96
X,Shoes,SH,신발,공용,웨이브 샌디 EZ,DXSH5245N,BKS,270,300,300,110
X,Shoes,SH,신발,공용,웨이브 샌디 EZ,DXSH5245N,BKS,280,100,100,48
X,Shoes,SH,신발,공용,웨이브 샌디 EZ,DXSH5245N,GNL,230,100,100,23
X,Shoes,SH,신발,공용,웨이브 샌디 EZ,DXSH5245N,GNL,235,0,0,0
X,Shoes,SH,신발,공용,웨이브 샌디 EZ,DXSH5245N,GNL,240,200,200,55
X,Shoes,SH,신발,공용,웨이브 샌디 EZ,DXSH5245N,GNL,245,0,0,0
X,Shoes,SH,신발,공용,웨이브 샌디 EZ,DXSH5245N,GNL,250,100,100,38
X,Shoes,SH,신발,공용,웨이브 샌디 EZ,DXSH5245N,GNL,260,100,100,27
X,Shoes,SH,신발,공용,웨이브 샌디 EZ,DXSH5245N,GNL,270,150,150,32
X,Shoes,SH,신발,공용,웨이브 샌디 EZ,DXSH5245N,GNL,280,50,50,7
X,Shoes,SH,신발,공용,웨이브 샌디 EZ,DXSH5245N,WHS,230,100,100,17
X,Shoes,SH,신발,공용,웨이브 샌디 EZ,DXSH5245N,WHS,235,150,150,34
X,Shoes,SH,신발,공용,웨이브 샌디 EZ,DXSH5245N,WHS,240,300,300,41
X,Shoes,SH,신발,공용,웨이브 샌디 EZ,DXSH5245N,WHS,245,200,200,46
X,Shoes,SH,신발,공용,웨이브 샌디 EZ,DXSH5245N,WHS,250,200,200,49
X,Shoes,SH,신발,공용,웨이브 샌디 EZ,DXSH5245N,WHS,260,200,200,26
X,Shoes,SH,신발,공용,웨이브 샌디 EZ,DXSH5245N,WHS,270,300,300,15
X,Shoes,SH,신발,공용,웨이브 샌디 EZ,DXSH5245N,WHS,280,50,50,3
X,Shoes,SH,신발,공용,오로라,DXSH5255N,BKS,230,200,199,21
X,Shoes,SH,신발,공용,오로라,DXSH5255N,BKS,235,200,195,26
X,Shoes,SH,신발,공용,오로라,DXSH5255N,BKS,240,550,541,34
X,Shoes,SH,신발,공용,오로라,DXSH5255N,BKS,245,300,298,30
X,Shoes,SH,신발,공용,오로라,DXSH5255N,BKS,250,450,450,33
X,Shoes,SH,신발,공용,오로라,DXSH5255N,BKS,260,450,448,63
X,Shoes,SH,신발,공용,오로라,DXSH5255N,BKS,270,350,345,46
X,Shoes,SH,신발,공용,오로라,DXSH5255N,BKS,280,100,99,11
X,Shoes,SH,신발,공용,오로라,DXSH5255N,GRL,230,100,102,11
X,Shoes,SH,신발,공용,오로라,DXSH5255N,GRL,235,200,199,11
X,Shoes,SH,신발,공용,오로라,DXSH5255N,GRL,240,400,395,20
X,Shoes,SH,신발,공용,오로라,DXSH5255N,GRL,245,200,202,8
X,Shoes,SH,신발,공용,오로라,DXSH5255N,GRL,250,350,346,27
X,Shoes,SH,신발,공용,오로라,DXSH5255N,GRL,260,250,249,40
X,Shoes,SH,신발,공용,오로라,DXSH5255N,GRL,270,350,346,24
X,Shoes,SH,신발,공용,오로라,DXSH5255N,GRL,280,50,51,7
X,Shoes,SH,신발,공용,오로라,DXSH5255N,MTL,230,100,94,3
X,Shoes,SH,신발,공용,오로라,DXSH5255N,MTL,240,250,237,4
X,Shoes,SH,신발,공용,오로라,DXSH5255N,MTL,250,150,141,2
X,Shoes,SH,신발,공용,맥시 트레일런 비브람,DXSH5415N,BKS,230,0,8,1
X,Shoes,SH,신발,공용,맥시 트레일런 비브람,DXSH5415N,BKS,240,0,202,34
X,Shoes,SH,신발,공용,맥시 트레일런 비브람,DXSH5415N,BKS,245,0,177,18
X,Shoes,SH,신발,공용,맥시 트레일런 비브람,DXSH5415N,BKS,250,0,188,33
X,Shoes,SH,신발,공용,맥시 트레일런 비브람,DXSH5415N,BKS,260,0,196,102
X,Shoes,SH,신발,공용,맥시 트레일런 비브람,DXSH5415N,BKS,265,0,240,111
X,Shoes,SH,신발,공용,맥시 트레일런 비브람,DXSH5415N,BKS,270,0,200,85
X,Shoes,SH,신발,공용,맥시 트레일런 비브람,DXSH5415N,BKS,280,0,161,44
X,Shoes,SH,신발,공용,맥시 트레일런 비브람,DXSH5415N,SIL,230,0,173,7
X,Shoes,SH,신발,공용,맥시 트레일런 비브람,DXSH5415N,SIL,235,0,216,4
X,Shoes,SH,신발,공용,맥시 트레일런 비브람,DXSH5415N,SIL,240,0,265,15
X,Shoes,SH,신발,공용,맥시 트레일런 비브람,DXSH5415N,SIL,245,0,182,7
X,Shoes,SH,신발,공용,맥시 트레일런 비브람,DXSH5415N,SIL,250,0,196,18
X,Shoes,SH,신발,공용,맥시 트레일런 비브람,DXSH5415N,SIL,260,0,157,23
X,Shoes,SH,신발,공용,맥시 트레일런 비브람,DXSH5415N,SIL,270,0,203,21
X,Shoes,SH,신발,공용,맥시 트레일런 비브람,DXSH5415N,SIL,280,0,163,7
X,Shoes,SH,신발,공용,맥시 트레일런 비브람,DXSH5415N,WHS,230,0,161,18
X,Shoes,SH,신발,공용,맥시 트레일런 비브람,DXSH5415N,WHS,235,0,214,27
X,Shoes,SH,신발,공용,맥시 트레일런 비브람,DXSH5415N,WHS,240,0,267,40
X,Shoes,SH,신발,공용,맥시 트레일런 비브람,DXSH5415N,WHS,245,0,198,36
X,Shoes,SH,신발,공용,맥시 트레일런 비브람,DXSH5415N,WHS,250,0,199,26
X,Shoes,SH,신발,공용,맥시 트레일런 비브람,DXSH5415N,WHS,260,0,138,44
X,Shoes,SH,신발,공용,맥시 트레일런 비브람,DXSH5415N,WHS,265,0,200,29
X,Shoes,SH,신발,공용,맥시 트레일런 비브람,DXSH5415N,WHS,270,0,148,26
X,Shoes,SH,신발,공용,맥시 트레일런 비브람,DXSH5415N,WHS,280,0,135,15
X,Shoes,SH,신발,공용,브리즈,DXSH5545N,BGS,230,0,189,44
X,Shoes,SH,신발,공용,브리즈,DXSH5545N,BGS,235,0,187,44
X,Shoes,SH,신발,공용,브리즈,DXSH5545N,BGS,240,0,330,105
X,Shoes,SH,신발,공용,브리즈,DXSH5545N,BGS,245,0,239,71
X,Shoes,SH,신발,공용,브리즈,DXSH5545N,BGS,250,0,236,97
X,Shoes,SH,신발,공용,브리즈,DXSH5545N,BGS,260,0,248,86
X,Shoes,SH,신발,공용,브리즈,DXSH5545N,BGS,265,0,168,65
X,Shoes,SH,신발,공용,브리즈,DXSH5545N,BGS,270,0,308,92
X,Shoes,SH,신발,공용,브리즈,DXSH5545N,BGS,280,0,143,47
X,Shoes,SH,신발,공용,브리즈,DXSH5545N,BKS,230,90,88,14
X,Shoes,SH,신발,공용,브리즈,DXSH5545N,BKS,235,120,119,21
X,Shoes,SH,신발,공용,브리즈,DXSH5545N,BKS,240,330,334,53
X,Shoes,SH,신발,공용,브리즈,DXSH5545N,BKS,245,330,332,37
X,Shoes,SH,신발,공용,브리즈,DXSH5545N,BKS,250,390,395,52
X,Shoes,SH,신발,공용,브리즈,DXSH5545N,BKS,260,570,574,74
X,Shoes,SH,신발,공용,브리즈,DXSH5545N,BKS,265,480,481,56
X,Shoes,SH,신발,공용,브리즈,DXSH5545N,BKS,270,540,539,78
X,Shoes,SH,신발,공용,브리즈,DXSH5545N,BKS,280,150,150,41
X,Shoes,SH,신발,공용,브리즈,DXSH5545N,GRS,230,0,134,17
X,Shoes,SH,신발,공용,브리즈,DXSH5545N,GRS,235,0,205,16
X,Shoes,SH,신발,공용,브리즈,DXSH5545N,GRS,240,0,288,38
X,Shoes,SH,신발,공용,브리즈,DXSH5545N,GRS,245,0,202,37
X,Shoes,SH,신발,공용,브리즈,DXSH5545N,GRS,250,0,229,50
X,Shoes,SH,신발,공용,브리즈,DXSH5545N,GRS,260,0,309,108
X,Shoes,SH,신발,공용,브리즈,DXSH5545N,GRS,265,0,256,87
X,Shoes,SH,신발,공용,브리즈,DXSH5545N,GRS,270,0,363,116
X,Shoes,SH,신발,공용,브리즈,DXSH5545N,GRS,280,0,146,38
X,Shoes,SH,신발,공용,브리즈,DXSH5545N,KAS,230,0,71,6
X,Shoes,SH,신발,공용,브리즈,DXSH5545N,KAS,235,0,39,12
X,Shoes,SH,신발,공용,브리즈,DXSH5545N,KAS,240,0,121,21
X,Shoes,SH,신발,공용,브리즈,DXSH5545N,KAS,245,0,81,21
X,Shoes,SH,신발,공용,브리즈,DXSH5545N,KAS,250,0,110,32
X,Shoes,SH,신발,공용,브리즈,DXSH5545N,KAS,260,0,182,65
X,Shoes,SH,신발,공용,브리즈,DXSH5545N,KAS,265,0,176,68
X,Shoes,SH,신발,공용,브리즈,DXSH5545N,KAS,270,0,206,69
X,Shoes,SH,신발,공용,브리즈,DXSH5545N,KAS,280,0,50,15
X,Shoes,SH,신발,공용,브리즈,DXSH5545N,SIL,230,0,105,46
X,Shoes,SH,신발,공용,브리즈,DXSH5545N,SIL,235,0,131,81
X,Shoes,SH,신발,공용,브리즈,DXSH5545N,SIL,240,0,183,100
X,Shoes,SH,신발,공용,브리즈,DXSH5545N,SIL,245,0,126,76
X,Shoes,SH,신발,공용,브리즈,DXSH5545N,SIL,250,0,110,53
X,Shoes,SH,신발,공용,브리즈,DXSH5545N,SIL,260,0,132,51
X,Shoes,SH,신발,공용,브리즈,DXSH5545N,SIL,265,0,108,42
X,Shoes,SH,신발,공용,브리즈,DXSH5545N,SIL,270,0,114,42
X,Shoes,SH,신발,공용,브리즈,DXSH5545N,SIL,280,0,52,6
X,Shoes,SH,신발,공용,브리즈,DXSH5545N,WHS,230,250,502,123
X,Shoes,SH,신발,공용,브리즈,DXSH5545N,WHS,235,300,615,144
X,Shoes,SH,신발,공용,브리즈,DXSH5545N,WHS,240,450,936,250
X,Shoes,SH,신발,공용,브리즈,DXSH5545N,WHS,245,150,606,197
X,Shoes,SH,신발,공용,브리즈,DXSH5545N,WHS,250,400,742,210
X,Shoes,SH,신발,공용,브리즈,DXSH5545N,WHS,260,400,751,198
X,Shoes,SH,신발,공용,브리즈,DXSH5545N,WHS,265,250,488,154
X,Shoes,SH,신발,공용,브리즈,DXSH5545N,WHS,270,300,608,159
X,Shoes,SH,신발,공용,브리즈,DXSH5545N,WHS,280,200,318,92
X,Shoes,SH,신발,공용,브리즈 슬립온,DXSH5555N,BKS,230,0,99,40
X,Shoes,SH,신발,공용,브리즈 슬립온,DXSH5555N,BKS,235,0,151,65
X,Shoes,SH,신발,공용,브리즈 슬립온,DXSH5555N,BKS,240,0,288,129
X,Shoes,SH,신발,공용,브리즈 슬립온,DXSH5555N,BKS,245,0,229,101
X,Shoes,SH,신발,공용,브리즈 슬립온,DXSH5555N,BKS,250,0,211,81
X,Shoes,SH,신발,공용,브리즈 슬립온,DXSH5555N,BKS,255,0,86,43
X,Shoes,SH,신발,공용,브리즈 슬립온,DXSH5555N,BKS,260,0,57,28
X,Shoes,SH,신발,공용,브리즈 슬립온,DXSH5555N,GRS,230,0,93,32
X,Shoes,SH,신발,공용,브리즈 슬립온,DXSH5555N,GRS,235,0,124,30
X,Shoes,SH,신발,공용,브리즈 슬립온,DXSH5555N,GRS,240,0,249,101
X,Shoes,SH,신발,공용,브리즈 슬립온,DXSH5555N,GRS,245,0,200,78
X,Shoes,SH,신발,공용,브리즈 슬립온,DXSH5555N,GRS,250,0,190,66
X,Shoes,SH,신발,공용,브리즈 슬립온,DXSH5555N,GRS,255,0,69,27
X,Shoes,SH,신발,공용,브리즈 슬립온,DXSH5555N,GRS,260,0,40,15
X,Shoes,SH,신발,공용,브리즈 슬립온,DXSH5555N,WHS,230,0,133,62
X,Shoes,SH,신발,공용,브리즈 슬립온,DXSH5555N,WHS,235,0,163,67
X,Shoes,SH,신발,공용,브리즈 슬립온,DXSH5555N,WHS,240,0,364,141
X,Shoes,SH,신발,공용,브리즈 슬립온,DXSH5555N,WHS,245,0,277,99
X,Shoes,SH,신발,공용,브리즈 슬립온,DXSH5555N,WHS,250,0,192,62
X,Shoes,SH,신발,공용,브리즈 슬립온,DXSH5555N,WHS,255,0,103,39
X,Shoes,SH,신발,공용,브리즈 슬립온,DXSH5555N,WHS,260,0,46,14
X,Shoes,SH,신발,공용,웨이브 샌디 FUR,DXSH6215N,BES,230,450,428,65
X,Shoes,SH,신발,공용,웨이브 샌디 FUR,DXSH6215N,BES,235,0,0,0
X,Shoes,SH,신발,공용,웨이브 샌디 FUR,DXSH6215N,BES,240,600,577,102
X,Shoes,SH,신발,공용,웨이브 샌디 FUR,DXSH6215N,BES,245,0,0,0
X,Shoes,SH,신발,공용,웨이브 샌디 FUR,DXSH6215N,BES,250,450,440,58
X,Shoes,SH,신발,공용,웨이브 샌디 FUR,DXSH6215N,GRS,230,180,170,43
X,Shoes,SH,신발,공용,웨이브 샌디 FUR,DXSH6215N,GRS,235,0,0,0
X,Shoes,SH,신발,공용,웨이브 샌디 FUR,DXSH6215N,GRS,240,340,307,65
X,Shoes,SH,신발,공용,웨이브 샌디 FUR,DXSH6215N,GRS,245,0,0,0
X,Shoes,SH,신발,공용,웨이브 샌디 FUR,DXSH6215N,GRS,250,280,280,43
X,Shoes,SH,신발,공용,웨이브 샌디 FUR,DXSH6215N,KAD,230,200,180,49
X,Shoes,SH,신발,공용,웨이브 샌디 FUR,DXSH6215N,KAD,235,0,0,0
X,Shoes,SH,신발,공용,웨이브 샌디 FUR,DXSH6215N,KAD,240,380,339,88
X,Shoes,SH,신발,공용,웨이브 샌디 FUR,DXSH6215N,KAD,245,0,0,0
X,Shoes,SH,신발,공용,웨이브 샌디 FUR,DXSH6215N,KAD,250,320,289,46
X,Shoes,SH,신발,공용,오브,DXSH6225N,BKS,230,1050,1050,93
X,Shoes,SH,신발,공용,오브,DXSH6225N,BKS,240,1500,1500,280
X,Shoes,SH,신발,공용,오브,DXSH6225N,BKS,250,1150,1148,264
X,Shoes,SH,신발,공용,오브,DXSH6225N,BRL,230,210,210,5
X,Shoes,SH,신발,공용,오브,DXSH6225N,BRL,240,350,350,22
X,Shoes,SH,신발,공용,오브,DXSH6225N,BRL,250,140,140,12
X,Shoes,SH,신발,공용,오브,DXSH6225N,MSL,230,200,200,4
X,Shoes,SH,신발,공용,오브,DXSH6225N,MSL,240,350,350,29
X,Shoes,SH,신발,공용,오브,DXSH6225N,MSL,250,250,250,22
X,Shoes,SH,신발,공용,오브,DXSH6225N,WHS,230,650,650,113
X,Shoes,SH,신발,공용,오브,DXSH6225N,WHS,240,1100,1100,263
X,Shoes,SH,신발,공용,오브,DXSH6225N,WHS,250,750,748,220
X,Shoes,SH,신발,공용,스무디,DXSH6235N,BGL,230,500,415,163
X,Shoes,SH,신발,공용,스무디,DXSH6235N,BGL,240,850,775,398
X,Shoes,SH,신발,공용,스무디,DXSH6235N,BGL,250,450,370,278
X,Shoes,SH,신발,공용,스무디,DXSH6235N,BKS,230,750,645,543
X,Shoes,SH,신발,공용,스무디,DXSH6235N,BKS,240,1700,1587,1300
X,Shoes,SH,신발,공용,스무디,DXSH6235N,BKS,250,1350,1283,1181
X,Shoes,SH,신발,공용,스무디,DXSH6235N,WHS,230,600,410,255
X,Shoes,SH,신발,공용,스무디,DXSH6235N,WHS,240,900,677,555
X,Shoes,SH,신발,공용,스무디,DXSH6235N,WHS,250,500,303,280
X,Shoes,SH,신발,공용,웨이브 제인 미드,DXSH6245N,BKS,230,380,328,32
X,Shoes,SH,신발,공용,웨이브 제인 미드,DXSH6245N,BKS,235,80,66,28
X,Shoes,SH,신발,공용,웨이브 제인 미드,DXSH6245N,BKS,240,820,778,92
X,Shoes,SH,신발,공용,웨이브 제인 미드,DXSH6245N,BKS,245,120,92,31
X,Shoes,SH,신발,공용,웨이브 제인 미드,DXSH6245N,BKS,250,600,548,78
X,Shoes,SH,신발,공용,웨이브 제인 미드,DXSH6245N,GRL,230,650,577,15
X,Shoes,SH,신발,공용,웨이브 제인 미드,DXSH6245N,GRL,235,100,92,14
X,Shoes,SH,신발,공용,웨이브 제인 미드,DXSH6245N,GRL,240,1050,949,51
X,Shoes,SH,신발,공용,웨이브 제인 미드,DXSH6245N,GRL,245,150,129,21
X,Shoes,SH,신발,공용,웨이브 제인 미드,DXSH6245N,GRL,250,550,477,23
X,Shoes,SH,신발,공용,웨이브 제인,DXSH7275N,BKD,230,3400,3250,2357
X,Shoes,SH,신발,공용,웨이브 제인,DXSH7275N,BKD,235,3370,1850,447
X,Shoes,SH,신발,공용,웨이브 제인,DXSH7275N,BKD,240,7960,6970,4598
X,Shoes,SH,신발,공용,웨이브 제인,DXSH7275N,BKD,245,2970,1200,519
X,Shoes,SH,신발,공용,웨이브 제인,DXSH7275N,BKD,250,5700,5630,3313
X,Shoes,SH,신발,공용,웨이브 제인,DXSH7275N,BLL,230,440,0,0
X,Shoes,SH,신발,공용,웨이브 제인,DXSH7275N,BLL,235,800,0,0
X,Shoes,SH,신발,공용,웨이브 제인,DXSH7275N,BLL,240,1200,0,0
X,Shoes,SH,신발,공용,웨이브 제인,DXSH7275N,BLL,245,680,0,0
X,Shoes,SH,신발,공용,웨이브 제인,DXSH7275N,BLL,250,880,0,0
X,Shoes,SH,신발,공용,웨이브 제인,DXSH7275N,GRL,230,3640,2920,1857
X,Shoes,SH,신발,공용,웨이브 제인,DXSH7275N,GRL,235,3780,1600,584
X,Shoes,SH,신발,공용,웨이브 제인,DXSH7275N,GRL,240,8490,6185,3979
X,Shoes,SH,신발,공용,웨이브 제인,DXSH7275N,GRL,245,3170,1200,464
X,Shoes,SH,신발,공용,웨이브 제인,DXSH7275N,GRL,250,5620,3695,2287
X,Shoes,SH,신발,공용,웨이브 제인,DXSH7275N,KAD,230,550,1320,534
X,Shoes,SH,신발,공용,웨이브 제인,DXSH7275N,KAD,240,750,2090,1022
X,Shoes,SH,신발,공용,웨이브 제인,DXSH7275N,KAD,250,700,1690,675
X,Shoes,SH,신발,공용,웨이브 제인,DXSH7275N,RDS,230,240,0,0
X,Shoes,SH,신발,공용,웨이브 제인,DXSH7275N,RDS,240,450,0,0
X,Shoes,SH,신발,공용,웨이브 제인,DXSH7275N,RDS,250,310,0,0
X,Shoes,SH,신발,공용,웨이브 제인,DXSH7275N,VOL,230,330,0,0
X,Shoes,SH,신발,공용,웨이브 제인,DXSH7275N,VOL,235,600,0,0
X,Shoes,SH,신발,공용,웨이브 제인,DXSH7275N,VOL,240,900,0,0
X,Shoes,SH,신발,공용,웨이브 제인,DXSH7275N,VOL,245,510,0,0
X,Shoes,SH,신발,공용,웨이브 제인,DXSH7275N,VOL,250,660,0,0
X,Shoes,SH,신발,공용,웨이브 샌드,DXSH7285N,BES,230,725,494,475
X,Shoes,SH,신발,공용,웨이브 샌드,DXSH7285N,BES,240,1115,769,721
X,Shoes,SH,신발,공용,웨이브 샌드,DXSH7285N,BES,250,720,544,491
X,Shoes,SH,신발,공용,웨이브 샌드,DXSH7285N,BES,260,260,250,206
X,Shoes,SH,신발,공용,웨이브 샌드,DXSH7285N,BES,270,140,144,113
X,Shoes,SH,신발,공용,웨이브 샌드,DXSH7285N,BES,280,40,69,45
X,Shoes,SH,신발,공용,웨이브 샌드,DXSH7285N,BKS,230,340,694,301
X,Shoes,SH,신발,공용,웨이브 샌드,DXSH7285N,BKS,240,750,1119,534
X,Shoes,SH,신발,공용,웨이브 샌드,DXSH7285N,BKS,250,730,744,427
X,Shoes,SH,신발,공용,웨이브 샌드,DXSH7285N,BKS,260,905,400,360
X,Shoes,SH,신발,공용,웨이브 샌드,DXSH7285N,BKS,270,575,294,233
X,Shoes,SH,신발,공용,웨이브 샌드,DXSH7285N,BKS,280,200,119,85
X,Shoes,SH,신발,공용,웨이브 샌드,DXSH7285N,OWS,230,0,238,196
X,Shoes,SH,신발,공용,웨이브 샌드,DXSH7285N,OWS,240,0,463,365
X,Shoes,SH,신발,공용,웨이브 샌드,DXSH7285N,OWS,250,0,288,159
